station_fid,Case_control,n_movers_in,n_movers_in_with_child,n_movers_in_Lowincome,movers_in_fam_med_income,movers_in_i_med_income,n_movers_in_married,n_movers_in_man,movers_in_med_famsize,movers_in_med_age,n_movers_out,n_movers_out_with_child,n_movers_out_Lowincome,movers_out_fam_med_income,movers_out_i_med_income,n_movers_out_married,n_movers_out_man,movers_out_med_famsize,movers_out_med_age,n_stayers,n_stayers_with_child,n_stayers_Lowincome,stayers_fam_med_income,stayers_i_med_income,n_stayers_married,n_stayers_man,stayers_med_famsize,stayers_med_age,Y_x,X_x,stop_label_x,status_x,line_label_x,technology_x,PRUID,opening_date,cma_name,opening_year,cma_total_stayer_individuals,cma_total_stayer_with_child,cma_total_stayer_lowincome,cma_total_stayer_married,cma_total_stayer_man,cma_total_internal_mover_individuals,cma_total_internal_mover_with_child,cma_total_internal_mover_lowincome,cma_total_internal_mover_married,cma_total_internal_mover_man,cma_total_mover_in_individuals,cma_total_mover_in_with_child,cma_total_mover_in_lowincome,cma_total_mover_in_married,cma_total_mover_in_man,cma_total_mover_out_individuals,cma_total_mover_out_with_child,cma_total_mover_out_lowincome,cma_total_mover_out_married,cma_total_mover_out_man,cma_avg_income_fam_stayer,cma_avg_income_i_stayer,cma_avg_fam_size_stayer,cma_avg_age_stayer,cma_avg_income_fam_internal_mover,cma_avg_income_i_internal_mover,cma_avg_fam_size_internal_mover,cma_avg_age_internal_mover,cma_avg_income_fam_mover_in,cma_avg_income_i_mover_in,cma_avg_fam_size_mover_in,cma_avg_age_mover_in,cma_avg_income_fam_mover_out,cma_avg_income_i_mover_out,cma_avg_fam_size_mover_out,cma_avg_age_mover_out
11,0,21285,9900,3650,89300,36100,8560,9875,2,37,30420,14775,4310,101800,41200,15380,14600,2.25,37,20315,9055,2135,100100,44000,10560,9325,2,46,51.0379605,-114.1541947,45 Street SW,Existing,Blue Line (202),LRT,48,12/8/2012,Calgary,2012,19383275,11076315,2021340,12091055,9462970,97455375,57645575,9649490,64391670,47800000,2818225,1082545,807700,1086530,1482620,1784330,613915,402850,668075,985220,100354.5455,43081.81818,3,42.27272727,100972.7273,45136.36364,3,38.81818182,57127.27273,20972.72727,2,31.54545455,59454.54545,28272.72727,2,36.18181818
11,1,6935,3265,1350,72700,32100,3070,3145,2,36,5275,2570,1080,68000,32600,2065,2355,2,34,9875,5655,1150,107600,37900,5615,4625,2.8,46,51.0379605,-114.1541947,45 Street SW,Existing,Blue Line (202),LRT,48,12/8/2012,Calgary,2012,19383275,11076315,2021340,12091055,9462970,97455375,57645575,9649490,64391670,47800000,2818225,1082545,807700,1086530,1482620,1784330,613915,402850,668075,985220,100354.5455,43081.81818,3,42.27272727,100972.7273,45136.36364,3,38.81818182,57127.27273,20972.72727,2,31.54545455,59454.54545,28272.72727,2,36.18181818
14,0,25930,13060,4190,108000,41200,12735,12185,2.4,37,25085,13185,3365,112100,41800,13525,12150,2.6,39,15210,6915,1600,108300,45300,8420,7125,2,43,51.0376451,-114.1876094,69 Street SW,Existing,Blue Line (202),LRT,48,12/8/2012,Calgary,2012,19383275,11076315,2021340,12091055,9462970,97455375,57645575,9649490,64391670,47800000,2818225,1082545,807700,1086530,1482620,1784330,613915,402850,668075,985220,100354.5455,43081.81818,3,42.27272727,100972.7273,45136.36364,3,38.81818182,57127.27273,20972.72727,2,31.54545455,59454.54545,28272.72727,2,36.18181818
14,1,11590,6190,1495,112200,41800,6545,5485,2.59,40,4950,2625,800,99000,33700,2205,2200,2.33,36,10995,6690,1055,131500,39700,6945,5225,3,48,51.0376451,-114.1876094,69 Street SW,Existing,Blue Line (202),LRT,48,12/8/2012,Calgary,2012,19383275,11076315,2021340,12091055,9462970,97455375,57645575,9649490,64391670,47800000,2818225,1082545,807700,1086530,1482620,1784330,613915,402850,668075,985220,100354.5455,43081.81818,3,42.27272727,100972.7273,45136.36364,3,38.81818182,57127.27273,20972.72727,2,31.54545455,59454.54545,28272.72727,2,36.18181818
21,0,23080,12335,4025,58400,21900,11205,11035,2.5,37,29280,14975,4055,58000,23400,15305,14080,2.4,37,16970,10945,1745,68600,23700,10080,8365,3,42,50.9543165,-114.0745188,Anderson,Existing,Red Line (201),LRT,48,10/9/2001,Calgary,2001,18784505,11028960,1785475,12274480,9134090,156892690,95442140,14184905,107632300,76656760,3649105,1673315,900750,1637660,1884135,1813050,695160,434450,752335,1005905,72963.63636,30400,3,41.27272727,75309.09091,32227.27273,3,39,48781.81818,16009.09091,2.090909091,31.90909091,41236.36364,17863.63636,2,35.36363636
21,1,5475,2685,980,50000,21900,2465,2665,2,36,5700,2850,895,49500,21300,2420,2955,2,34,7640,4975,650,80500,25300,4655,3930,3,44,50.9543165,-114.0745188,Anderson,Existing,Red Line (201),LRT,48,10/9/2001,Calgary,2001,18784505,11028960,1785475,12274480,9134090,156892690,95442140,14184905,107632300,76656760,3649105,1673315,900750,1637660,1884135,1813050,695160,434450,752335,1005905,72963.63636,30400,3,41.27272727,75309.09091,32227.27273,3,39,48781.81818,16009.09091,2.090909091,31.90909091,41236.36364,17863.63636,2,35.36363636
26,0,9610,5375,1980,41600,16800,4260,4755,2.5,31,18665,10695,3400,37500,16600,10210,9075,3,33,4455,2815,705,49300,19800,2655,2130,3,38,51.0870474,-114.1318034,Brentwood,Existing,Red Line (201),LRT,48,8/30/1990,Calgary,1990,10670950,6414660,1110940,7024715,5231150,78767230,50458010,8323720,55592125,38694425,2703355,1405505,670995,1330830,1369890,1405345,666120,365025,644755,753340,50436.36364,22563.63636,3,37.90909091,53010,24120,3,35.9,37720,12870,2.5,32.3,30460,13530,2.1,33.1
26,1,6925,3480,1720,35300,12100,2190,3335,2.2,27,7330,2540,1715,26200,14200,2530,3720,2,27,6385,3520,770,54000,18400,3445,3085,2.6,41,51.0870474,-114.1318034,Brentwood,Existing,Red Line (201),LRT,48,8/30/1990,Calgary,1990,10670950,6414660,1110940,7024715,5231150,78767230,50458010,8323720,55592125,38694425,2703355,1405505,670995,1330830,1369890,1405345,666120,365025,644755,753340,50436.36364,22563.63636,3,37.90909091,53010,24120,3,35.9,37720,12870,2.5,32.3,30460,13530,2.1,33.1
28,0,37670,20415,7840,51700,19600,16850,18010,2.5,33,26705,14370,4120,56300,22500,13480,13075,2.5,35,24015,15740,2365,70100,24300,14465,11800,3,42,50.9359154,-114.0697921,Canyon Meadows,Existing,Red Line (201),LRT,48,10/9/2001,Calgary,2001,18784505,11028960,1785475,12274480,9134090,156892690,95442140,14184905,107632300,76656760,3649105,1673315,900750,1637660,1884135,1813050,695160,434450,752335,1005905,72963.63636,30400,3,41.27272727,75309.09091,32227.27273,3,39,48781.81818,16009.09091,2.090909091,31.90909091,41236.36364,17863.63636,2,35.36363636
28,1,9480,4930,1905,49100,21000,4100,4380,2.27,35,9230,4565,1660,47200,20200,3765,4720,2,34,12545,8260,1205,75300,24800,7400,6265,3,43,50.9359154,-114.0697921,Canyon Meadows,Existing,Red Line (201),LRT,48,10/9/2001,Calgary,2001,18784505,11028960,1785475,12274480,9134090,156892690,95442140,14184905,107632300,76656760,3649105,1673315,900750,1637660,1884135,1813050,695160,434450,752335,1005905,72963.63636,30400,3,41.27272727,75309.09091,32227.27273,3,39,48781.81818,16009.09091,2.090909091,31.90909091,41236.36364,17863.63636,2,35.36363636
33,0,50765,27500,7625,85600,31000,27635,25015,2.67,35,62195,33820,7925,97500,35800,36445,30390,2.8,37,40080,24140,3810,104200,38000,25165,19515,3,41,51.1224264,-114.2065522,Crowfoot,Existing,Red Line (201),LRT,48,6/15/2009,Calgary,2009,20067625,11504080,1997850,12636430,9786255,125007110,73347305,11612475,82973080,61177385,3295570,1340460,897425,1354500,1724090,1892160,672445,416410,732490,1039305,95090.90909,40472.72727,3,41.90909091,96327.27273,42718.18182,3,38.63636364,56000,20536.36364,2,31.63636364,56309.09091,26309.09091,2,36
33,1,10045,4305,2100,59600,23400,3830,4750,2,32,9635,4500,2125,62400,25600,3685,4745,2,31,22725,13685,2170,98600,34700,13790,10675,3,44,51.1224264,-114.2065522,Crowfoot,Existing,Red Line (201),LRT,48,6/15/2009,Calgary,2009,20067625,11504080,1997850,12636430,9786255,125007110,73347305,11612475,82973080,61177385,3295570,1340460,897425,1354500,1724090,1892160,672445,416410,732490,1039305,95090.90909,40472.72727,3,41.90909091,96327.27273,42718.18182,3,38.63636364,56000,20536.36364,2,31.63636364,56309.09091,26309.09091,2,36
34,0,23855,13420,5445,55300,19600,12000,11370,2.75,37,53670,31440,8365,67300,24000,30675,26250,3,37,12865,8750,1670,82300,25000,8620,6285,3,43,51.1032838,-114.1605254,Dalhousie,Existing,Red Line (201),LRT,48,12/15/2003,Calgary,2003,20002465,11653360,1869435,12912440,9735400,159743800,95436950,14114155,108056825,78070060,3636940,1585320,934375,1548645,1888875,1936145,723565,438270,791655,1069080,79481.81818,33200,3,41.45454545,81445.45455,35245.45455,3,38.72727273,49563.63636,17063.63636,2,31.54545455,45936.36364,20390.90909,2,35.36363636
34,1,8035,3945,2030,47300,16500,3210,3950,2.2,33,10210,4750,2290,47300,20000,3895,4845,2,32,8215,4750,770,79300,28900,5465,3770,2.8,49,51.1032838,-114.1605254,Dalhousie,Existing,Red Line (201),LRT,48,12/15/2003,Calgary,2003,20002465,11653360,1869435,12912440,9735400,159743800,95436950,14114155,108056825,78070060,3636940,1585320,934375,1548645,1888875,1936145,723565,438270,791655,1069080,79481.81818,33200,3,41.45454545,81445.45455,35245.45455,3,38.72727273,49563.63636,17063.63636,2,31.54545455,45936.36364,20390.90909,2,35.36363636
36,0,8375,3720,1725,80000,28500,1985,4280,2,31,8720,1825,1635,58600,37000,2330,4310,1.6,33,NA,NA,NA,NA,NA,NA,NA,NA,NA,51.0471263,-114.0872437,Downtown West - Kerby,Existing,Blue Line (202),LRT,48,12/8/2012,Calgary,2012,19383275,11076315,2021340,12091055,9462970,97455375,57645575,9649490,64391670,47800000,2818225,1082545,807700,1086530,1482620,1784330,613915,402850,668075,985220,100354.5455,43081.81818,3,42.27272727,100972.7273,45136.36364,3,38.81818182,57127.27273,20972.72727,2,31.54545455,59454.54545,28272.72727,2,36.18181818
36,1,18140,8070,5525,59800,22400,3605,9675,2,27,16730,2985,3885,52200,33800,5280,8710,2,30,NA,NA,NA,NA,NA,NA,NA,NA,NA,51.0471263,-114.0872437,Downtown West - Kerby,Existing,Blue Line (202),LRT,48,12/8/2012,Calgary,2012,19383275,11076315,2021340,12091055,9462970,97455375,57645575,9649490,64391670,47800000,2818225,1082545,807700,1086530,1482620,1784330,613915,402850,668075,985220,100354.5455,43081.81818,3,42.27272727,100972.7273,45136.36364,3,38.81818182,57127.27273,20972.72727,2,31.54545455,59454.54545,28272.72727,2,36.18181818
39,0,40695,22355,8865,58300,21200,19025,19885,2.66,34,30760,19120,4400,71800,25000,15855,15335,3,36,16915,11740,1395,85700,28100,11100,8305,3,45,50.9231615,-114.0730564,Fish Creek - Lacombe,Existing,Red Line (201),LRT,48,6/28/2004,Calgary,2004,20493125,11895550,1939110,13153845,9978500,160791095,95287390,14397820,108003580,78585900,3591065,1534455,941740,1519570,1860580,1980965,732005,439675,796400,1094375,82000,34345.45455,3,41.45454545,83781.81818,36463.63636,3,38.63636364,50436.36364,17618.18182,2,31.54545455,48318.18182,21700,2,35.27272727
39,1,10695,5250,2205,53800,22200,4625,5115,2.2,35,15855,8895,2150,68400,24500,8030,7545,2.75,36,10030,6400,920,83800,30100,6300,4975,3,45,50.9231615,-114.0730564,Fish Creek - Lacombe,Existing,Red Line (201),LRT,48,6/28/2004,Calgary,2004,20493125,11895550,1939110,13153845,9978500,160791095,95287390,14397820,108003580,78585900,3591065,1534455,941740,1519570,1860580,1980965,732005,439675,796400,1094375,82000,34345.45455,3,41.45454545,83781.81818,36463.63636,3,38.63636364,50436.36364,17618.18182,2,31.54545455,48318.18182,21700,2,35.27272727
47,0,37620,19830,14965,46900,21100,18760,19385,2.66,32,38940,21815,11715,52500,24200,21790,19915,3,34,NA,NA,NA,NA,NA,NA,NA,NA,NA,51.1177053,-113.9679024,Martindale,Existing,Blue Line (202),LRT,48,8/27/2012,Calgary,2012,19383275,11076315,2021340,12091055,9462970,97455375,57645575,9649490,64391670,47800000,2818225,1082545,807700,1086530,1482620,1784330,613915,402850,668075,985220,100354.5455,43081.81818,3,42.27272727,100972.7273,45136.36364,3,38.81818182,57127.27273,20972.72727,2,31.54545455,59454.54545,28272.72727,2,36.18181818
47,1,8455,4695,3195,47500,19500,4675,4370,2.67,35,8165,4490,2435,53700,24000,4845,4175,2.8,35,NA,NA,NA,NA,NA,NA,NA,NA,NA,51.1177053,-113.9679024,Martindale,Existing,Blue Line (202),LRT,48,8/27/2012,Calgary,2012,19383275,11076315,2021340,12091055,9462970,97455375,57645575,9649490,64391670,47800000,2818225,1082545,807700,1086530,1482620,1784330,613915,402850,668075,985220,100354.5455,43081.81818,3,42.27272727,100972.7273,45136.36364,3,38.81818182,57127.27273,20972.72727,2,31.54545455,59454.54545,28272.72727,2,36.18181818
50,0,35350,19565,15105,40000,17600,16655,18400,2.71,32,32685,17940,10005,44700,20100,16410,16560,2.71,33,15445,10375,3425,58300,22300,8330,7735,3,40,51.109224,-113.9756529,McKnight Westwinds,Existing,Blue Line (202),LRT,48,12/17/2007,Calgary,2007,20108570,11547070,1953745,12742425,9795615,136647505,79742730,12494525,90862775,66854100,3312140,1357455,888345,1379280,1724890,1927690,689850,421865,749590,1062300,89518.18182,37881.81818,3,41.72727273,90990.90909,40163.63636,3,38.63636364,53827.27273,19590.90909,2,31.72727273,53236.36364,24645.45455,2,35.63636364
50,1,9250,4880,4020,38300,17900,4475,4775,2.57,33,10715,6070,3170,45200,20800,5970,5530,3,34,3055,1985,710,52500,20800,1680,1480,3,41,51.109224,-113.9756529,McKnight Westwinds,Existing,Blue Line (202),LRT,48,12/17/2007,Calgary,2007,20108570,11547070,1953745,12742425,9795615,136647505,79742730,12494525,90862775,66854100,3312140,1357455,888345,1379280,1724890,1927690,689850,421865,749590,1062300,89518.18182,37881.81818,3,41.72727273,90990.90909,40163.63636,3,38.63636364,53827.27273,19590.90909,2,31.72727273,53236.36364,24645.45455,2,35.63636364
57,0,14760,8000,6190,43300,20200,7205,7670,2.67,33,7640,4050,2655,43800,23400,3395,3915,2.5,33,10760,6905,2630,61200,24000,5880,5335,3,40,51.1257147,-113.9481535,Saddletowne,Existing,Blue Line (202),LRT,48,8/27/2012,Calgary,2012,19383275,11076315,2021340,12091055,9462970,97455375,57645575,9649490,64391670,47800000,2818225,1082545,807700,1086530,1482620,1784330,613915,402850,668075,985220,100354.5455,43081.81818,3,42.27272727,100972.7273,45136.36364,3,38.81818182,57127.27273,20972.72727,2,31.54545455,59454.54545,28272.72727,2,36.18181818
57,1,40280,21855,14915,50100,21300,21835,20670,2.75,33,38000,21520,11125,54800,24300,22700,19455,3,35,1280,740,565,36500,9400,725,580,3,33,51.1257147,-113.9481535,Saddletowne,Existing,Blue Line (202),LRT,48,8/27/2012,Calgary,2012,19383275,11076315,2021340,12091055,9462970,97455375,57645575,9649490,64391670,47800000,2818225,1082545,807700,1086530,1482620,1784330,613915,402850,668075,985220,100354.5455,43081.81818,3,42.27272727,100972.7273,45136.36364,3,38.81818182,57127.27273,20972.72727,2,31.54545455,59454.54545,28272.72727,2,36.18181818
60,0,21335,9305,3865,81900,32400,6340,10335,2,33,16650,4500,3120,63400,36900,4880,8015,2,33,13445,5605,1365,96800,44500,6520,6145,2,45,51.0416835,-114.1250072,Shaganappi Point,Existing,Blue Line (202),LRT,48,12/8/2012,Calgary,2012,19383275,11076315,2021340,12091055,9462970,97455375,57645575,9649490,64391670,47800000,2818225,1082545,807700,1086530,1482620,1784330,613915,402850,668075,985220,100354.5455,43081.81818,3,42.27272727,100972.7273,45136.36364,3,38.81818182,57127.27273,20972.72727,2,31.54545455,59454.54545,28272.72727,2,36.18181818
60,1,7555,3340,1935,67000,25700,1565,3735,2,28,5715,1195,1375,47900,32700,1395,2875,1.5,30,5040,1740,775,72400,42200,1915,2395,2,40,51.0416835,-114.1250072,Shaganappi Point,Existing,Blue Line (202),LRT,48,12/8/2012,Calgary,2012,19383275,11076315,2021340,12091055,9462970,97455375,57645575,9649490,64391670,47800000,2818225,1082545,807700,1086530,1482620,1784330,613915,402850,668075,985220,100354.5455,43081.81818,3,42.27272727,100972.7273,45136.36364,3,38.81818182,57127.27273,20972.72727,2,31.54545455,59454.54545,28272.72727,2,36.18181818
61,0,37725,20695,7865,63100,22900,18890,18385,2.7,34,22745,14390,3055,77000,24600,12195,11115,3,36,10390,7225,740,97400,30200,7220,5135,3,45,50.910573,-114.0705658,Shawnessy,Existing,Red Line (201),LRT,48,6/28/2004,Calgary,2004,20493125,11895550,1939110,13153845,9978500,160791095,95287390,14397820,108003580,78585900,3591065,1534455,941740,1519570,1860580,1980965,732005,439675,796400,1094375,82000,34345.45455,3,41.45454545,83781.81818,36463.63636,3,38.63636364,50436.36364,17618.18182,2,31.54545455,48318.18182,21700,2,35.27272727
61,1,10930,5445,2765,47500,19400,4590,5310,2.3,34,21265,11405,2850,63300,26300,11555,10205,2.67,35,8810,5670,945,71300,27400,5335,4270,3,42,50.910573,-114.0705658,Shawnessy,Existing,Red Line (201),LRT,48,6/28/2004,Calgary,2004,20493125,11895550,1939110,13153845,9978500,160791095,95287390,14397820,108003580,78585900,3591065,1534455,941740,1519570,1860580,1980965,732005,439675,796400,1094375,82000,34345.45455,3,41.45454545,83781.81818,36463.63636,3,38.63636364,50436.36364,17618.18182,2,31.54545455,48318.18182,21700,2,35.27272727
63,0,24995,12440,4305,99900,38200,11450,11830,2.33,36,30030,15640,4155,111800,41800,16215,14455,2.56,38,14570,6505,1500,93100,40600,7515,6710,2,46,51.0383797,-114.1690442,Sirocco,Existing,Blue Line (202),LRT,48,12/8/2012,Calgary,2012,19383275,11076315,2021340,12091055,9462970,97455375,57645575,9649490,64391670,47800000,2818225,1082545,807700,1086530,1482620,1784330,613915,402850,668075,985220,100354.5455,43081.81818,3,42.27272727,100972.7273,45136.36364,3,38.81818182,57127.27273,20972.72727,2,31.54545455,59454.54545,28272.72727,2,36.18181818
63,1,8690,4015,1600,76600,33400,4010,3945,2,37,6840,3440,1275,75200,33200,2830,3070,2,35,13520,7925,1455,117800,38400,8020,6410,3,47,51.0383797,-114.1690442,Sirocco,Existing,Blue Line (202),LRT,48,12/8/2012,Calgary,2012,19383275,11076315,2021340,12091055,9462970,97455375,57645575,9649490,64391670,47800000,2818225,1082545,807700,1086530,1482620,1784330,613915,402850,668075,985220,100354.5455,43081.81818,3,42.27272727,100972.7273,45136.36364,3,38.81818182,57127.27273,20972.72727,2,31.54545455,59454.54545,28272.72727,2,36.18181818
64,0,29280,15950,6470,60000,22200,14165,14300,2.67,32,25990,16180,2720,76200,26900,15405,12540,3,38,NA,NA,NA,NA,NA,NA,NA,NA,NA,50.8990881,-114.0690009,Somerset-Bridlewood,Existing,Red Line (201),LRT,48,6/28/2004,Calgary,2004,20493125,11895550,1939110,13153845,9978500,160791095,95287390,14397820,108003580,78585900,3591065,1534455,941740,1519570,1860580,1980965,732005,439675,796400,1094375,82000,34345.45455,3,41.45454545,83781.81818,36463.63636,3,38.63636364,50436.36364,17618.18182,2,31.54545455,48318.18182,21700,2,35.27272727
64,1,4945,2445,1330,47300,19100,2185,2405,2.27,35,9810,5105,1300,60800,27200,5315,4760,2.54,35,NA,NA,NA,NA,NA,NA,NA,NA,NA,50.8990881,-114.0690009,Somerset-Bridlewood,Existing,Red Line (201),LRT,48,6/28/2004,Calgary,2004,20493125,11895550,1939110,13153845,9978500,160791095,95287390,14397820,108003580,78585900,3591065,1534455,941740,1519570,1860580,1980965,732005,439675,796400,1094375,82000,34345.45455,3,41.45454545,83781.81818,36463.63636,3,38.63636364,50436.36364,17618.18182,2,31.54545455,48318.18182,21700,2,35.27272727
67,0,14020,6085,2475,85300,32200,4035,6825,2,33,11870,2575,2110,61600,38800,3260,5720,1.75,33,NA,NA,NA,NA,NA,NA,NA,NA,NA,51.0448181,-114.0991346,Sunalta,Existing,Blue Line (202),LRT,48,12/8/2012,Calgary,2012,19383275,11076315,2021340,12091055,9462970,97455375,57645575,9649490,64391670,47800000,2818225,1082545,807700,1086530,1482620,1784330,613915,402850,668075,985220,100354.5455,43081.81818,3,42.27272727,100972.7273,45136.36364,3,38.81818182,57127.27273,20972.72727,2,31.54545455,59454.54545,28272.72727,2,36.18181818
67,1,18070,8035,5510,59800,22400,3600,9635,2,27,16675,2980,3880,52200,33600,5260,8680,2,30,NA,NA,NA,NA,NA,NA,NA,NA,NA,51.0448181,-114.0991346,Sunalta,Existing,Blue Line (202),LRT,48,12/8/2012,Calgary,2012,19383275,11076315,2021340,12091055,9462970,97455375,57645575,9649490,64391670,47800000,2818225,1082545,807700,1086530,1482620,1784330,613915,402850,668075,985220,100354.5455,43081.81818,3,42.27272727,100972.7273,45136.36364,3,38.81818182,57127.27273,20972.72727,2,31.54545455,59454.54545,28272.72727,2,36.18181818
69,0,30075,17150,6290,95700,37000,15875,14780,2.8,36,34160,19855,4160,112300,40800,20655,16660,3,41,16655,9775,2300,108800,40400,9790,8365,3,39,51.1344705,-114.2355599,Tuscany,Existing,Red Line (201),LRT,48,8/23/2014,Calgary,2014,18555235,10525540,2065500,11431530,9050125,73930215,44032490,7839830,48562340,36220515,2482970,942250,746115,934330,1299850,1603675,536510,381110,580175,891325,101954.5455,43936.36364,3,42.72727273,102672.7273,45863.63636,3,39.36363636,57345.45455,20400,2,31.63636364,59590.90909,28627.27273,2,36.90909091
69,1,21830,11400,3660,94800,37100,11680,10360,2.5,39,20950,11425,2690,112800,44700,12440,10095,2.8,39,13150,7110,1455,109200,40600,7890,6270,2.8,42,51.1344705,-114.2355599,Tuscany,Existing,Red Line (201),LRT,48,8/23/2014,Calgary,2014,18555235,10525540,2065500,11431530,9050125,73930215,44032490,7839830,48562340,36220515,2482970,942250,746115,934330,1299850,1603675,536510,381110,580175,891325,101954.5455,43936.36364,3,42.72727273,102672.7273,45863.63636,3,39.36363636,57345.45455,20400,2,31.63636364,59590.90909,28627.27273,2,36.90909091
72,0,15450,6625,2845,77600,33400,4990,7115,2,34,NA,NA,NA,NA,NA,NA,NA,NA,NA,NA,NA,NA,NA,NA,NA,NA,NA,NA,51.0401971,-114.1363619,Westbrook,Existing,Blue Line (202),LRT,48,12/8/2012,Calgary,2012,19383275,11076315,2021340,12091055,9462970,97455375,57645575,9649490,64391670,47800000,2818225,1082545,807700,1086530,1482620,1784330,613915,402850,668075,985220,100354.5455,43081.81818,3,42.27272727,100972.7273,45136.36364,3,38.81818182,57127.27273,20972.72727,2,31.54545455,59454.54545,28272.72727,2,36.18181818
72,1,3755,1635,765,77000,30400,895,1785,2,30,NA,NA,NA,NA,NA,NA,NA,NA,NA,NA,NA,NA,NA,NA,NA,NA,NA,NA,51.0401971,-114.1363619,Westbrook,Existing,Blue Line (202),LRT,48,12/8/2012,Calgary,2012,19383275,11076315,2021340,12091055,9462970,97455375,57645575,9649490,64391670,47800000,2818225,1082545,807700,1086530,1482620,1784330,613915,402850,668075,985220,100354.5455,43081.81818,3,42.27272727,100972.7273,45136.36364,3,38.81818182,57127.27273,20972.72727,2,31.54545455,59454.54545,28272.72727,2,36.18181818
73,0,17105,9060,7470,34900,16800,5915,8965,2.33,32,18285,9795,5965,38900,18400,7290,9180,2.33,32,18145,10970,3775,55500,23500,9095,8915,2.8,42,51.0859557,-113.9817427,Whitehorn,Existing,Blue Line (202),LRT,48,12/17/2007,Calgary,2007,20108570,11547070,1953745,12742425,9795615,136647505,79742730,12494525,90862775,66854100,3312140,1357455,888345,1379280,1724890,1927690,689850,421865,749590,1062300,89518.18182,37881.81818,3,41.72727273,90990.90909,40163.63636,3,38.63636364,53827.27273,19590.90909,2,31.72727273,53236.36364,24645.45455,2,35.63636364
73,1,8950,4385,4305,32300,16100,3390,4770,2.29,34,10330,5975,3650,38500,17500,4550,5300,2.8,33,9360,5785,2235,52800,21200,5120,4580,3,43,51.0859557,-113.9817427,Whitehorn,Existing,Blue Line (202),LRT,48,12/17/2007,Calgary,2007,20108570,11547070,1953745,12742425,9795615,136647505,79742730,12494525,90862775,66854100,3312140,1357455,888345,1379280,1724890,1927690,689850,421865,749590,1062300,89518.18182,37881.81818,3,41.72727273,90990.90909,40163.63636,3,38.63636364,53827.27273,19590.90909,2,31.72727273,53236.36364,24645.45455,2,35.63636364
80,0,2890,1330,885,53300,25600,910,1500,2,38,3255,1355,1045,49600,26100,1120,1650,2,37,NA,NA,NA,NA,NA,NA,NA,NA,NA,53.557487,-113.500684,Kingsway RAH,Existing,Metro Line,LRT,48,9/6/2015,Edmonton,2015,20895985,11560945,2099970,12451435,10177280,108831810,63669255,10159045,69043485,53166930,2646940,1008300,767615,912895,1408845,1750765,567335,396670,581260,978555,104818.1818,46245.45455,3,42.90909091,109236.3636,49645.45455,3,39.18181818,59827.27273,21772.72727,2,30.90909091,60890.90909,30245.45455,2,36.09090909
80,1,21785,7800,8305,44700,24100,5680,11645,2,36,21625,5595,7815,39800,24800,6325,11630,2,35,NA,NA,NA,NA,NA,NA,NA,NA,NA,53.557487,-113.500684,Kingsway RAH,Existing,Metro Line,LRT,48,9/6/2015,Edmonton,2015,20895985,11560945,2099970,12451435,10177280,108831810,63669255,10159045,69043485,53166930,2646940,1008300,767615,912895,1408845,1750765,567335,396670,581260,978555,104818.1818,46245.45455,3,42.90909091,109236.3636,49645.45455,3,39.18181818,59827.27273,21772.72727,2,30.90909091,60890.90909,30245.45455,2,36.09090909
81,1,18665,6905,6155,53200,24200,3455,9640,1.85,32,NA,NA,NA,NA,NA,NA,NA,NA,NA,NA,NA,NA,NA,NA,NA,NA,NA,NA,53.547684,-113.49818,MacEwan,Existing,Metro Line,LRT,48,9/6/2015,Edmonton,2015,20895985,11560945,2099970,12451435,10177280,108831810,63669255,10159045,69043485,53166930,2646940,1008300,767615,912895,1408845,1750765,567335,396670,581260,978555,104818.1818,46245.45455,3,42.90909091,109236.3636,49645.45455,3,39.18181818,59827.27273,21772.72727,2,30.90909091,60890.90909,30245.45455,2,36.09090909
82,0,4615,1930,1260,52900,26400,1470,2135,2,36,3985,1490,1115,48200,26700,1175,1905,2,35,6010,2495,945,70700,32900,2615,2785,2,49,53.56599022,-113.5058161,NAIT Blatchford Market,Existing,Metro Line,LRT,48,9/6/2015,Edmonton,2015,20895985,11560945,2099970,12451435,10177280,108831810,63669255,10159045,69043485,53166930,2646940,1008300,767615,912895,1408845,1750765,567335,396670,581260,978555,104818.1818,46245.45455,3,42.90909091,109236.3636,49645.45455,3,39.18181818,59827.27273,21772.72727,2,30.90909091,60890.90909,30245.45455,2,36.09090909
82,1,24485,8880,9815,43300,23700,6045,13080,2,35,26880,7615,9425,41900,25400,7885,14235,2,34,10035,3885,2325,59600,31300,3430,5300,2,44,53.56599022,-113.5058161,NAIT Blatchford Market,Existing,Metro Line,LRT,48,9/6/2015,Edmonton,2015,20895985,11560945,2099970,12451435,10177280,108831810,63669255,10159045,69043485,53166930,2646940,1008300,767615,912895,1408845,1750765,567335,396670,581260,978555,104818.1818,46245.45455,3,42.90909091,109236.3636,49645.45455,3,39.18181818,59827.27273,21772.72727,2,30.90909091,60890.90909,30245.45455,2,36.09090909
131,0,16880,9095,3900,65300,26200,6730,7660,2.4,37,NA,NA,NA,NA,NA,NA,NA,NA,NA,NA,NA,NA,NA,NA,NA,NA,NA,NA,44.37337651,-79.68686763,Allandale Waterfront,Existing,Barrie,Commuter,35,1/28/2012,Toronto,2012,55090735,33258955,11227630,32565450,26039045,102326740,68166110,21132795,68687910,49200660,5731760,2362950,2489440,1907170,2987285,4211200,1558110,1478990,1503610,2263415,75681.81818,31200,3,45.63636364,78563.63636,32818.18182,3,40.36363636,38554.54545,10290.90909,2,30.45454545,41927.27273,17645.45455,2,38.63636364
135,0,18395,10540,3310,64600,27600,8465,8765,2.57,36,NA,NA,NA,NA,NA,NA,NA,NA,NA,NA,NA,NA,NA,NA,NA,NA,NA,NA,44.35117047,-79.62717436,Barrie South,Existing,Barrie,Commuter,35,12/17/2007,Toronto,2007,59635950,37204200,10898230,36440745,28270320,226442685,152934725,37677010,154223965,109011335,6758105,2923825,2811905,2502275,3502055,4720735,1805430,1577815,1746400,2575965,70363.63636,29072.72727,3,43.90909091,72536.36364,30809.09091,3,39.63636364,35727.27273,9345.454545,2,31.09090909,38590.90909,16081.81818,2,37.90909091
138,0,5050,2520,1750,45300,16600,2835,2295,2.5,39,5790,3145,1560,52500,19300,2990,2820,2.67,39,5730,3470,1035,77600,24900,3390,2485,3,49,43.76666345,-79.38775574,Bayview,Existing,Line 4: Sheppard Subway,Subway,35,11/22/2002,Toronto,2002,59944920,37481140,9645965,37120140,28450840,326061335,220496780,46806925,222791760,157251640,7905985,3452710,3071260,3090635,4109605,5130390,1949470,1650535,1977285,2819375,64290.90909,26881.81818,3,42.54545455,68381.81818,29354.54545,3,39.09090909,33209.09091,8800,2,31.27272727,34218.18182,14445.45455,2,37
138,1,26525,13715,8740,47400,16900,11555,12500,2.53,35,24025,12205,6385,50000,21200,12630,11290,2.5,40,7965,4955,1275,76500,25100,4805,3680,3,46,43.76666345,-79.38775574,Bayview,Existing,Line 4: Sheppard Subway,Subway,35,11/22/2002,Toronto,2002,59944920,37481140,9645965,37120140,28450840,326061335,220496780,46806925,222791760,157251640,7905985,3452710,3071260,3090635,4109605,5130390,1949470,1650535,1977285,2819375,64290.90909,26881.81818,3,42.54545455,68381.81818,29354.54545,3,39.09090909,33209.09091,8800,2,31.27272727,34218.18182,14445.45455,2,37
141,0,10815,5315,3790,43900,15800,5960,4905,2.43,40,15440,7895,5700,36700,15400,7885,7580,2.5,38,9185,5220,1725,74600,24900,5610,4035,3,50,43.76919381,-79.37665237,Bessarion,Existing,Line 4: Sheppard Subway,Subway,35,11/22/2002,Toronto,2002,59944920,37481140,9645965,37120140,28450840,326061335,220496780,46806925,222791760,157251640,7905985,3452710,3071260,3090635,4109605,5130390,1949470,1650535,1977285,2819375,64290.90909,26881.81818,3,42.54545455,68381.81818,29354.54545,3,39.09090909,33209.09091,8800,2,31.27272727,34218.18182,14445.45455,2,37
141,1,13455,6655,4390,46200,17500,6430,6340,2.33,37,10345,5225,2790,47600,20200,5370,4815,2.33,40,5490,3465,855,93900,28600,3580,2585,3,48,43.76919381,-79.37665237,Bessarion,Existing,Line 4: Sheppard Subway,Subway,35,11/22/2002,Toronto,2002,59944920,37481140,9645965,37120140,28450840,326061335,220496780,46806925,222791760,157251640,7905985,3452710,3071260,3090635,4109605,5130390,1949470,1650535,1977285,2819375,64290.90909,26881.81818,3,42.54545455,68381.81818,29354.54545,3,39.09090909,33209.09091,8800,2,31.27272727,34218.18182,14445.45455,2,37
144,0,4945,2245,1555,58900,25400,1385,2470,2,35,5500,1830,1810,46600,26300,1635,2765,2,38,2135,585,785,40000,23700,680,1140,2,41,43.65902698,-79.45193473,Bloor,Existing,"UP Express, Kitchener",Commuter,35,6/6/2015,Toronto,2015,54203300,31855360,10905830,31231415,25633675,75083075,49108695,15243105,49832775,36150095,5573115,2173725,2444395,1786815,2940675,4200305,1522745,1465110,1471495,2254125,80972.72727,33500,3,46.36363636,85000,35472.72727,3,40.63636364,40545.45455,11636.36364,2,30.09090909,44900,19381.81818,2,38.63636364
144,1,11580,5460,3585,57700,22800,3190,5730,2,32,12200,4080,4065,45100,24100,4195,6200,2,35,4250,1830,1325,49600,24600,1665,1985,2,42,43.65902698,-79.45193473,Bloor,Existing,"UP Express, Kitchener",Commuter,35,6/6/2015,Toronto,2015,54203300,31855360,10905830,31231415,25633675,75083075,49108695,15243105,49832775,36150095,5573115,2173725,2444395,1786815,2940675,4200305,1522745,1465110,1471495,2254125,80972.72727,33500,3,46.36363636,85000,35472.72727,3,40.63636364,40545.45455,11636.36364,2,30.09090909,44900,19381.81818,2,38.63636364
145,0,2545,770,1215,24100,13100,425,1380,1.67,31,3190,1005,1475,22800,14800,1100,1675,2,35,NA,NA,NA,NA,NA,NA,NA,NA,NA,43.65774279,-79.44514929,Bloor-Lansdowne,Planned,Barrie,Commuter,35,1/26/2005,Toronto,2005,60786005,38127760,10557890,37383940,28836185,276094705,187153650,43613580,187842410,132824325,7483820,3268125,3026145,2891355,3885725,4966665,1894000,1616515,1870200,2715130,68490.90909,28363.63636,3,43.27272727,70509.09091,29927.27273,3,39.45454545,34854.54545,9218.181818,2,31.27272727,37309.09091,15609.09091,2,37.54545455
145,1,12175,6120,3915,40500,15600,3900,6295,2.2,33,15370,6685,5785,30600,15500,6185,7970,2,36,NA,NA,NA,NA,NA,NA,NA,NA,NA,43.65774279,-79.44514929,Bloor-Lansdowne,Planned,Barrie,Commuter,35,1/26/2005,Toronto,2005,60786005,38127760,10557890,37383940,28836185,276094705,187153650,43613580,187842410,132824325,7483820,3268125,3026145,2891355,3885725,4966665,1894000,1616515,1870200,2715130,68490.90909,28363.63636,3,43.27272727,70509.09091,29927.27273,3,39.45454545,34854.54545,9218.181818,2,31.27272727,37309.09091,15609.09091,2,37.54545455
148,0,11420,7045,1815,68500,26800,6220,5545,3,36,5750,3330,800,65300,24800,3090,2805,3,40,NA,NA,NA,NA,NA,NA,NA,NA,NA,44.11718261,-79.55602626,Bradford,Existing,Barrie,Commuter,35,1/26/2005,Toronto,2005,60786005,38127760,10557890,37383940,28836185,276094705,187153650,43613580,187842410,132824325,7483820,3268125,3026145,2891355,3885725,4966665,1894000,1616515,1870200,2715130,68490.90909,28363.63636,3,43.27272727,70509.09091,29927.27273,3,39.45454545,34854.54545,9218.181818,2,31.27272727,37309.09091,15609.09091,2,37.54545455
148,1,4990,2785,1215,47500,21000,1840,2550,2.36,35,11165,6565,1630,65000,28200,5900,5560,3,37,NA,NA,NA,NA,NA,NA,NA,NA,NA,44.11718261,-79.55602626,Bradford,Existing,Barrie,Commuter,35,1/26/2005,Toronto,2005,60786005,38127760,10557890,37383940,28836185,276094705,187153650,43613580,187842410,132824325,7483820,3268125,3026145,2891355,3885725,4966665,1894000,1616515,1870200,2715130,68490.90909,28363.63636,3,43.27272727,70509.09091,29927.27273,3,39.45454545,34854.54545,9218.181818,2,31.27272727,37309.09091,15609.09091,2,37.54545455
186,0,47280,22150,21210,31400,13800,23750,22620,2.29,37,63735,31800,22615,35400,15300,31730,30710,2.33,36,32725,18400,7130,52500,19300,19185,14805,2.67,49,43.77514363,-79.346976,Don Mills,Existing,Line 4: Sheppard Subway,Subway,35,11/22/2002,Toronto,2002,59944920,37481140,9645965,37120140,28450840,326061335,220496780,46806925,222791760,157251640,7905985,3452710,3071260,3090635,4109605,5130390,1949470,1650535,1977285,2819375,64290.90909,26881.81818,3,42.54545455,68381.81818,29354.54545,3,39.09090909,33209.09091,8800,2,31.27272727,34218.18182,14445.45455,2,37
186,1,16650,7270,8305,28600,12700,7985,8040,2.22,34,24390,11720,10215,32100,14100,12910,11625,2.33,35,10145,5650,2280,51100,20300,6045,4665,2.67,47,43.77514363,-79.346976,Don Mills,Existing,Line 4: Sheppard Subway,Subway,35,11/22/2002,Toronto,2002,59944920,37481140,9645965,37120140,28450840,326061335,220496780,46806925,222791760,157251640,7905985,3452710,3071260,3090635,4109605,5130390,1949470,1650535,1977285,2819375,64290.90909,26881.81818,3,42.54545455,68381.81818,29354.54545,3,39.09090909,33209.09091,8800,2,31.27272727,34218.18182,14445.45455,2,37
197,0,26860,16330,4540,68900,26600,14165,12895,3,38,20925,13245,2340,78700,29500,11250,10195,3,40,NA,NA,NA,NA,NA,NA,NA,NA,NA,44.07925966,-79.45564745,East Gwillimbury,Existing,Barrie,Commuter,35,11/1/2004,Toronto,2004,60638230,38038570,10218805,37376800,28770675,296681415,201149930,44800820,202110570,142884690,7702935,3370965,3063360,2984825,3992580,5001415,1901130,1613950,1902355,2743135,67345.45455,27972.72727,3,43,69963.63636,29800,3,39.36363636,34536.36364,9118.181818,2,31.27272727,36445.45455,15290.90909,2,37.36363636
197,1,8800,4750,1775,56700,22600,3570,4390,2.55,35,11500,6500,1695,64000,25800,5660,5625,2.75,38,NA,NA,NA,NA,NA,NA,NA,NA,NA,44.07925966,-79.45564745,East Gwillimbury,Existing,Barrie,Commuter,35,11/1/2004,Toronto,2004,60638230,38038570,10218805,37376800,28770675,296681415,201149930,44800820,202110570,142884690,7702935,3370965,3063360,2984825,3992580,5001415,1901130,1613950,1902355,2743135,67345.45455,27972.72727,3,43,69963.63636,29800,3,39.36363636,34536.36364,9118.181818,2,31.27272727,36445.45455,15290.90909,2,37.36363636
224,0,19620,11710,6900,60500,21700,10930,9375,2.8,40,NA,NA,NA,NA,NA,NA,NA,NA,NA,NA,NA,NA,NA,NA,NA,NA,NA,NA,43.94002597,-79.39838311,Gormley,Existing,Richmond Hill,Commuter,35,12/5/2016,Toronto,2016,48877455,28519750,9822610,27977850,23112435,59917805,38724825,12015845,39554160,28860895,5448170,2079750,2377455,1718465,2876510,4275495,1550535,1447935,1508290,2294145,83045.45455,34345.45455,3,46.63636364,86663.63636,36463.63636,3,40.63636364,41727.27273,12081.81818,2,29.90909091,47354.54545,20590.90909,2,38.54545455
224,1,2755,1685,1025,61800,23300,1345,1365,2.8,34,NA,NA,NA,NA,NA,NA,NA,NA,NA,NA,NA,NA,NA,NA,NA,NA,NA,NA,43.94002597,-79.39838311,Gormley,Existing,Richmond Hill,Commuter,35,12/5/2016,Toronto,2016,48877455,28519750,9822610,27977850,23112435,59917805,38724825,12015845,39554160,28860895,5448170,2079750,2377455,1718465,2876510,4275495,1550535,1447935,1508290,2294145,83045.45455,34345.45455,3,46.63636364,86663.63636,36463.63636,3,40.63636364,41727.27273,12081.81818,2,29.90909091,47354.54545,20590.90909,2,38.54545455
227,0,20350,10410,4885,61000,24500,7575,10080,2.4,33,NA,NA,NA,NA,NA,NA,NA,NA,NA,26280,14435,3525,76100,33400,14490,12560,2.6,44,43.54513077,-80.24579064,Guelph,Existing,Kitchener,Commuter,35,12/19/2011,Toronto,2011,55030955,33432610,11124570,32716515,26012155,118482475,79452070,23980555,79828740,56960360,5853780,2458445,2537725,2004345,3052340,4384980,1628390,1524850,1568520,2356355,74327.27273,30618.18182,3,45.36363636,77263.63636,32263.63636,3,40.27272727,37854.54545,10045.45455,2,30.72727273,41254.54545,17336.36364,2,38.36363636
257,0,13535,6665,4695,44000,19000,4185,6470,2.2,32,NA,NA,NA,NA,NA,NA,NA,NA,NA,16270,7875,3430,55200,25900,8470,7595,2,46,43.45586655,-80.49329282,Kitchener,Existing,Kitchener,Commuter,35,12/19/2011,Toronto,2011,55030955,33432610,11124570,32716515,26012155,118482475,79452070,23980555,79828740,56960360,5853780,2458445,2537725,2004345,3052340,4384980,1628390,1524850,1568520,2356355,74327.27273,30618.18182,3,45.36363636,77263.63636,32263.63636,3,40.27272727,37854.54545,10045.45455,2,30.72727273,41254.54545,17336.36364,2,38.36363636
266,0,22300,10485,9800,32600,13900,11560,10365,2.33,37,35135,17600,12640,35900,15700,17560,17070,2.33,37,18825,10260,3940,56500,21100,11140,8480,2.6,50,43.7710245,-79.3681364,Leslie,Existing,Line 4: Sheppard Subway,Subway,35,11/22/2002,Toronto,2002,59944920,37481140,9645965,37120140,28450840,326061335,220496780,46806925,222791760,157251640,7905985,3452710,3071260,3090635,4109605,5130390,1949470,1650535,1977285,2819375,64290.90909,26881.81818,3,42.54545455,68381.81818,29354.54545,3,39.09090909,33209.09091,8800,2,31.27272727,34218.18182,14445.45455,2,37
266,1,18330,8905,6525,43200,16600,8750,8560,2.37,36,16165,8375,4645,44800,18800,8120,7585,2.5,38,10195,6280,1690,78700,27000,6520,4700,3,48,43.7710245,-79.3681364,Leslie,Existing,Line 4: Sheppard Subway,Subway,35,11/22/2002,Toronto,2002,59944920,37481140,9645965,37120140,28450840,326061335,220496780,46806925,222791760,157251640,7905985,3452710,3071260,3090635,4109605,5130390,1949470,1650535,1977285,2819375,64290.90909,26881.81818,3,42.54545455,68381.81818,29354.54545,3,39.09090909,33209.09091,8800,2,31.27272727,34218.18182,14445.45455,2,37
267,0,21270,13395,6080,55200,21900,11220,10555,3,36,NA,NA,NA,NA,NA,NA,NA,NA,NA,NA,NA,NA,NA,NA,NA,NA,NA,NA,43.59000254,-79.78892853,Lisgar,Existing,Milton,Commuter,35,9/4/2007,Toronto,2007,59635950,37204200,10898230,36440745,28270320,226442685,152934725,37677010,154223965,109011335,6758105,2923825,2811905,2502275,3502055,4720735,1805430,1577815,1746400,2575965,70363.63636,29072.72727,3,43.90909091,72536.36364,30809.09091,3,39.63636364,35727.27273,9345.454545,2,31.09090909,38590.90909,16081.81818,2,37.90909091
267,1,9505,6150,2670,61300,24000,5885,4605,3,36,NA,NA,NA,NA,NA,NA,NA,NA,NA,NA,NA,NA,NA,NA,NA,NA,NA,NA,43.59000254,-79.78892853,Lisgar,Existing,Milton,Commuter,35,9/4/2007,Toronto,2007,59635950,37204200,10898230,36440745,28270320,226442685,152934725,37677010,154223965,109011335,6758105,2923825,2811905,2502275,3502055,4720735,1805430,1577815,1746400,2575965,70363.63636,29072.72727,3,43.90909091,72536.36364,30809.09091,3,39.63636364,35727.27273,9345.454545,2,31.09090909,38590.90909,16081.81818,2,37.90909091
286,0,78780,45710,33345,35500,13700,45045,38470,3,38,89750,52820,33280,38200,14500,49945,43895,3,37,49045,32880,13250,50000,15700,29860,23355,3,45,43.8230486,-79.3014606,Milliken,Existing,Stouffville,Commuter,35,9/6/2005,Toronto,2005,60786005,38127760,10557890,37383940,28836185,276094705,187153650,43613580,187842410,132824325,7483820,3268125,3026145,2891355,3885725,4966665,1894000,1616515,1870200,2715130,68490.90909,28363.63636,3,43.27272727,70509.09091,29927.27273,3,39.45454545,34854.54545,9218.181818,2,31.27272727,37309.09091,15609.09091,2,37.54545455
286,1,22555,12115,10325,31700,12100,12420,11050,2.78,39,23420,13480,8930,37500,14100,13445,11260,3,39,10700,7540,3050,52700,14900,6395,5025,3,43,43.8230486,-79.3014606,Milliken,Existing,Stouffville,Commuter,35,9/6/2005,Toronto,2005,60786005,38127760,10557890,37383940,28836185,276094705,187153650,43613580,187842410,132824325,7483820,3268125,3026145,2891355,3885725,4966665,1894000,1616515,1870200,2715130,68490.90909,28363.63636,3,43.27272727,70509.09091,29927.27273,3,39.45454545,34854.54545,9218.181818,2,31.27272727,37309.09091,15609.09091,2,37.54545455
298,0,67750,41945,17915,54900,22500,36240,32420,3,35,24740,15575,4325,65200,26700,13750,12045,3,38,NA,NA,NA,NA,NA,NA,NA,NA,NA,43.67513929,-79.82243206,Mount Pleasant,Existing,Kitchener,Commuter,35,2/7/2005,Toronto,2005,60786005,38127760,10557890,37383940,28836185,276094705,187153650,43613580,187842410,132824325,7483820,3268125,3026145,2891355,3885725,4966665,1894000,1616515,1870200,2715130,68490.90909,28363.63636,3,43.27272727,70509.09091,29927.27273,3,39.45454545,34854.54545,9218.181818,2,31.27272727,37309.09091,15609.09091,2,37.54545455
298,1,8120,4565,2355,51000,23500,3485,3830,2.6,33,29565,17495,5375,62600,28200,17745,14250,3,35,NA,NA,NA,NA,NA,NA,NA,NA,NA,43.67513929,-79.82243206,Mount Pleasant,Existing,Kitchener,Commuter,35,2/7/2005,Toronto,2005,60786005,38127760,10557890,37383940,28836185,276094705,187153650,43613580,187842410,132824325,7483820,3268125,3026145,2891355,3885725,4966665,1894000,1616515,1870200,2715130,68490.90909,28363.63636,3,43.27272727,70509.09091,29927.27273,3,39.45454545,34854.54545,9218.181818,2,31.27272727,37309.09091,15609.09091,2,37.54545455
311,1,12915,7495,2190,70200,25400,6800,6210,2.8,34,NA,NA,NA,NA,NA,NA,NA,NA,NA,NA,NA,NA,NA,NA,NA,NA,NA,NA,43.99847756,-79.23241807,Old Elm,Existing,Stouffville,Commuter,35,9/2/2008,Toronto,2008,59300960,36839885,11146315,36093575,28089475,211424990,142999710,36228195,144015755,101770140,6646265,2862935,2779620,2411845,3450480,4651950,1782030,1580315,1718110,2529450,71209.09091,29409.09091,3,44.27272727,73572.72727,31172.72727,3,39.72727273,36436.36364,9500,2,31,39054.54545,16218.18182,2,38
346,0,99650,65105,20150,59800,21900,55425,49060,3,35,15470,8530,2275,57700,24600,9505,7490,2.8,36,17145,11455,2105,69000,26900,11865,8345,3,36,43.83750289,-79.49810886,Rutherford,Existing,Barrie,Commuter,35,1/7/2001,Toronto,2001,59538720,37113385,9407090,36920480,28261985,336225325,226962185,47534205,230162170,162174835,7927865,3450745,3073000,3123300,4132705,5145830,1953075,1650240,1990720,2832400,62536.36364,26263.63636,3,42.36363636,67372.72727,29081.81818,3,38.81818182,32127.27273,8563.636364,2,31.27272727,33200,14127.27273,2,36.81818182
346,1,18210,11080,5125,51200,19900,9505,8930,3,34,5040,2765,1055,56100,24300,2960,2645,3,35,7930,5495,855,70400,22800,5250,3960,3.4,39,43.83750289,-79.49810886,Rutherford,Existing,Barrie,Commuter,35,1/7/2001,Toronto,2001,59538720,37113385,9407090,36920480,28261985,336225325,226962185,47534205,230162170,162174835,7927865,3450745,3073000,3123300,4132705,5145830,1953075,1650240,1990720,2832400,62536.36364,26263.63636,3,42.36363636,67372.72727,29081.81818,3,38.81818182,32127.27273,8563.636364,2,31.27272727,33200,14127.27273,2,36.81818182
377,1,7880,5065,2490,61900,25100,4615,4015,3,42,NA,NA,NA,NA,NA,NA,NA,NA,NA,NA,NA,NA,NA,NA,NA,NA,NA,NA,43.68276548,-79.61318571,Terminal 1,Existing,UP Express,Commuter,35,6/6/2015,Toronto,2015,54203300,31855360,10905830,31231415,25633675,75083075,49108695,15243105,49832775,36150095,5573115,2173725,2444395,1786815,2940675,4200305,1522745,1465110,1471495,2254125,80972.72727,33500,3,46.36363636,85000,35472.72727,3,40.63636364,40545.45455,11636.36364,2,30.09090909,44900,19381.81818,2,38.63636364
382,1,61500,28355,16435,80100,28800,12120,30740,2,29,NA,NA,NA,NA,NA,NA,NA,NA,NA,NA,NA,NA,NA,NA,NA,NA,NA,NA,43.6449523,-79.37865696,Union,Existing,"UP Express, Barrie, Kitchener, Lakeshore East, Lakeshore West, Milton, Stouffville, Richmond Hill",Commuter,35,6/6/2015,Toronto,2015,54203300,31855360,10905830,31231415,25633675,75083075,49108695,15243105,49832775,36150095,5573115,2173725,2444395,1786815,2940675,4200305,1522745,1465110,1471495,2254125,80972.72727,33500,3,46.36363636,85000,35472.72727,3,40.63636364,40545.45455,11636.36364,2,30.09090909,44900,19381.81818,2,38.63636364
383,0,23670,13995,6160,44200,17500,12020,11365,3,34,38915,25555,5965,51000,20000,22430,19340,3,35,NA,NA,NA,NA,NA,NA,NA,NA,NA,43.85093466,-79.31483304,Unionville,Existing,Stouffville,Commuter,35,5/6/1991,Toronto,1991,40959410,23939725,4805740,24644420,19681125,197926390,128349555,19210055,133171650,97144610,7731790,3635330,2576260,2951715,3988885,4823570,2061015,1224870,1926650,2650655,49881.81818,22300,3,41.27272727,54445.45455,24300,3,38,26572.72727,8918.181818,2,30.63636364,29681.81818,13445.45455,2,33.81818182
383,1,2925,1645,1005,34600,15700,1365,1455,2.71,33,3440,2010,725,41600,19600,1960,1730,3,35,NA,NA,NA,NA,NA,NA,NA,NA,NA,43.85093466,-79.31483304,Unionville,Existing,Stouffville,Commuter,35,5/6/1991,Toronto,1991,40959410,23939725,4805740,24644420,19681125,197926390,128349555,19210055,133171650,97144610,7731790,3635330,2576260,2951715,3988885,4823570,2061015,1224870,1926650,2650655,49881.81818,22300,3,41.27272727,54445.45455,24300,3,38,26572.72727,8918.181818,2,30.63636364,29681.81818,13445.45455,2,33.81818182
393,0,14060,6910,6240,38900,20800,4870,6775,2.14,37,13410,6715,5555,40100,20400,5095,6470,2,37,24145,13035,8035,48300,22300,11145,11330,2.23,47,43.69915725,-79.5110739,Weston,Existing,"UP Express, Kitchener",Commuter,35,6/6/2015,Toronto,2015,54203300,31855360,10905830,31231415,25633675,75083075,49108695,15243105,49832775,36150095,5573115,2173725,2444395,1786815,2940675,4200305,1522745,1465110,1471495,2254125,80972.72727,33500,3,46.36363636,85000,35472.72727,3,40.63636364,40545.45455,11636.36364,2,30.09090909,44900,19381.81818,2,38.63636364
393,1,11800,5455,5385,37300,19300,3470,5640,2,36,11155,4740,5005,35200,20200,3500,5400,2,36,15950,8170,6010,43200,22000,6055,7175,2,45,43.69915725,-79.5110739,Weston,Existing,"UP Express, Kitchener",Commuter,35,6/6/2015,Toronto,2015,54203300,31855360,10905830,31231415,25633675,75083075,49108695,15243105,49832775,36150095,5573115,2173725,2444395,1786815,2940675,4200305,1522745,1465110,1471495,2254125,80972.72727,33500,3,46.36363636,85000,35472.72727,3,40.63636364,40545.45455,11636.36364,2,30.09090909,44900,19381.81818,2,38.63636364
485,0,10010,4370,3040,39800,18400,3810,4655,2,42,6815,3155,1815,42300,20800,2120,3355,2,37,12125,6510,2225,53800,21000,6060,5505,2.4,48,45.560698,-73.709389,De la Concorde,Existing,"Ligne 2 - Orange, Saint-JÃ©rÃ´me","Subway, Commuter",24,4/28/2007,Montreal,2007,32763410,16392495,5619780,14193425,15484420,22737450,11540245,3357625,9323550,10896415,2532310,1001635,1081630,562670,1360030,2042240,624685,672995,530800,1121940,60572.72727,28127.27273,2,46.81818182,65636.36364,31254.54545,2,43.09090909,31454.54545,9109.090909,2,29.36363636,31281.81818,15618.18182,2,41.09090909
485,1,18750,9595,5830,39300,16400,4420,8925,2,34,13135,5020,3410,39300,22300,2665,6370,2,32,16550,7395,3560,45300,22700,6335,7750,2,46,45.560698,-73.709389,De la Concorde,Existing,"Ligne 2 - Orange, Saint-JÃ©rÃ´me","Subway, Commuter",24,4/28/2007,Montreal,2007,32763410,16392495,5619780,14193425,15484420,22737450,11540245,3357625,9323550,10896415,2532310,1001635,1081630,562670,1360030,2042240,624685,672995,530800,1121940,60572.72727,28127.27273,2,46.81818182,65636.36364,31254.54545,2,43.09090909,31454.54545,9109.090909,2,29.36363636,31281.81818,15618.18182,2,41.09090909
486,0,36580,19365,11345,43200,18000,14200,17675,2.24,38,29430,13415,7975,41900,20100,11225,14115,2,38,17385,9010,4460,44800,18200,8565,8090,2.2,48,45.558436,-73.722459,Montmorency -Zone B,Existing,Ligne 2 - Orange,Subway,24,4/28/2007,Montreal,2007,32763410,16392495,5619780,14193425,15484420,22737450,11540245,3357625,9323550,10896415,2532310,1001635,1081630,562670,1360030,2042240,624685,672995,530800,1121940,60572.72727,28127.27273,2,46.81818182,65636.36364,31254.54545,2,43.09090909,31454.54545,9109.090909,2,29.36363636,31281.81818,15618.18182,2,41.09090909
486,1,7370,3470,2075,39900,16400,1965,3375,2,36,4745,1805,1175,41700,22500,930,2185,2,33,5985,2750,1090,49900,24900,2660,2895,2,47,45.558436,-73.722459,Montmorency -Zone B,Existing,Ligne 2 - Orange,Subway,24,4/28/2007,Montreal,2007,32763410,16392495,5619780,14193425,15484420,22737450,11540245,3357625,9323550,10896415,2532310,1001635,1081630,562670,1360030,2042240,624685,672995,530800,1121940,60572.72727,28127.27273,2,46.81818182,65636.36364,31254.54545,2,43.09090909,31454.54545,9109.090909,2,29.36363636,31281.81818,15618.18182,2,41.09090909
499,1,2540,1430,1115,35100,14300,610,1120,2.6,33,NA,NA,NA,NA,NA,NA,NA,NA,NA,NA,NA,NA,NA,NA,NA,NA,NA,NA,45.559997,-73.68231,Cartier,Existing,Ligne 2 - Orange,Subway,24,4/28/2007,Montreal,2007,32763410,16392495,5619780,14193425,15484420,22737450,11540245,3357625,9323550,10896415,2532310,1001635,1081630,562670,1360030,2042240,624685,672995,530800,1121940,60572.72727,28127.27273,2,46.81818182,65636.36364,31254.54545,2,43.09090909,31454.54545,9109.090909,2,29.36363636,31281.81818,15618.18182,2,41.09090909
652,0,22650,12465,9310,36400,14100,11740,10735,2.67,38,22985,13025,8445,41900,16100,13100,10740,2.8,40,20960,13095,7235,46500,17000,12375,9895,3,44,49.184448,-123.136286,Aberdeen,Existing,Canada Line,Subway,59,8/17/2009,Vancouver,2009,22965580,11984495,4723925,12987615,10865665,28421610,14284845,5798950,15957890,13487000,2780210,1008930,1182280,883305,1444800,2020585,614605,741800,638290,1080465,66163.63636,28827.27273,2,47.27272727,67400,30481.81818,2,44.63636364,33936.36364,11581.81818,2,31.45454545,33836.36364,15990.90909,2,38.81818182
652,1,16300,8480,7495,31200,12700,8310,7855,2.5,41,14265,6965,6355,31700,14300,7550,6660,2,41,7315,4480,2735,42300,14300,4330,3490,3,45,49.184448,-123.136286,Aberdeen,Existing,Canada Line,Subway,59,8/17/2009,Vancouver,2009,22965580,11984495,4723925,12987615,10865665,28421610,14284845,5798950,15957890,13487000,2780210,1008930,1182280,883305,1444800,2020585,614605,741800,638290,1080465,66163.63636,28827.27273,2,47.27272727,67400,30481.81818,2,44.63636364,33936.36364,11581.81818,2,31.45454545,33836.36364,15990.90909,2,38.81818182
656,0,23040,11155,7580,36600,16200,9655,11300,2.22,36,18600,8370,6685,32000,14900,7700,9150,2,35,12130,7185,2475,50200,19200,7335,5730,3,46,49.266384,-123.001664,Brentwood Town Centre,Existing,Millennium Line,Subway,59,8/31/2002,Vancouver,2002,24645485,12889080,4871145,14269780,11650620,53293005,27326950,10852350,31141655,25549530,3376205,1260920,1434465,1154355,1763835,2477405,758500,903615,826725,1347995,54172.72727,23854.54545,2,45.72727273,54281.81818,24263.63636,2,44.27272727,27063.63636,9400,2,32.09090909,27009.09091,12963.63636,2,38.09090909
656,1,13675,6735,4755,36100,15700,5140,6695,2.22,34,16720,7240,5025,34800,18200,6915,8265,2,36,7490,4075,1525,47100,19500,4270,3755,2.6,47,49.266384,-123.001664,Brentwood Town Centre,Existing,Millennium Line,Subway,59,8/31/2002,Vancouver,2002,24645485,12889080,4871145,14269780,11650620,53293005,27326950,10852350,31141655,25549530,3376205,1260920,1434465,1154355,1763835,2477405,758500,903615,826725,1347995,54172.72727,23854.54545,2,45.72727273,54281.81818,24263.63636,2,44.27272727,27063.63636,9400,2,32.09090909,27009.09091,12963.63636,2,38.09090909
657,0,15725,8065,6695,33800,14300,7420,7495,2.5,36,13450,6800,5875,33000,15100,6985,6415,2.25,36,22330,13635,7380,47700,17700,13210,10555,3,43,49.195535,-123.125904,Bridgeport,Existing,Canada Line,Subway,59,8/17/2009,Vancouver,2009,22965580,11984495,4723925,12987615,10865665,28421610,14284845,5798950,15957890,13487000,2780210,1008930,1182280,883305,1444800,2020585,614605,741800,638290,1080465,66163.63636,28827.27273,2,47.27272727,67400,30481.81818,2,44.63636364,33936.36364,11581.81818,2,31.45454545,33836.36364,15990.90909,2,38.81818182
657,1,10845,5990,5050,31900,12500,5160,5365,2.69,37,8255,4360,3385,36200,15800,4195,4050,2.5,38,10185,6210,3590,43900,15200,6025,4850,3,45,49.195535,-123.125904,Bridgeport,Existing,Canada Line,Subway,59,8/17/2009,Vancouver,2009,22965580,11984495,4723925,12987615,10865665,28421610,14284845,5798950,15957890,13487000,2780210,1008930,1182280,883305,1444800,2020585,614605,741800,638290,1080465,66163.63636,28827.27273,2,47.27272727,67400,30481.81818,2,44.63636364,33936.36364,11581.81818,2,31.45454545,33836.36364,15990.90909,2,38.81818182
658,0,9125,3480,2890,44700,18100,2300,4370,2,30,9960,3530,3740,32000,18400,3590,4780,2,35,11655,5550,2895,50200,22700,5705,5545,2,43,49.262731,-123.114815,Broadway-City Hall,"Existing, Construction","Canada Line, Millenium Line Extension (Broadway)",Subway,59,8/17/2009,Vancouver,2009,22965580,11984495,4723925,12987615,10865665,28421610,14284845,5798950,15957890,13487000,2780210,1008930,1182280,883305,1444800,2020585,614605,741800,638290,1080465,66163.63636,28827.27273,2,47.27272727,67400,30481.81818,2,44.63636364,33936.36364,11581.81818,2,31.45454545,33836.36364,15990.90909,2,38.81818182
658,1,33420,12665,6940,68000,26300,10170,16150,2,33,26845,7015,6345,54300,31300,9710,12960,2,36,17955,5390,3635,55900,33800,6600,8205,2,44,49.262731,-123.114815,Broadway-City Hall,"Existing, Construction","Canada Line, Millenium Line Extension (Broadway)",Subway,59,8/17/2009,Vancouver,2009,22965580,11984495,4723925,12987615,10865665,28421610,14284845,5798950,15957890,13487000,2780210,1008930,1182280,883305,1444800,2020585,614605,741800,638290,1080465,66163.63636,28827.27273,2,47.27272727,67400,30481.81818,2,44.63636364,33936.36364,11581.81818,2,31.45454545,33836.36364,15990.90909,2,38.81818182
659,0,21915,11075,5880,42300,18800,9460,10480,2.29,36,21810,10845,5430,41200,19900,9440,10670,2,37,8440,5120,1265,62400,26300,5300,4075,3,45,49.261426,-122.889868,Burquitlam,Existing,Millennium Line,Subway,59,8/31/2002,Vancouver,2002,24645485,12889080,4871145,14269780,11650620,53293005,27326950,10852350,31141655,25549530,3376205,1260920,1434465,1154355,1763835,2477405,758500,903615,826725,1347995,54172.72727,23854.54545,2,45.72727273,54281.81818,24263.63636,2,44.27272727,27063.63636,9400,2,32.09090909,27009.09091,12963.63636,2,38.09090909
659,1,10655,5325,3865,34200,15100,4150,5300,2.2,33,10945,5200,3525,33700,16500,4590,5380,2,34,7045,3725,1400,49200,20600,4070,3240,2.4,46,49.261426,-122.889868,Burquitlam,Existing,Millennium Line,Subway,59,8/31/2002,Vancouver,2002,24645485,12889080,4871145,14269780,11650620,53293005,27326950,10852350,31141655,25549530,3376205,1260920,1434465,1154355,1763835,2477405,758500,903615,826725,1347995,54172.72727,23854.54545,2,45.72727273,54281.81818,24263.63636,2,44.27272727,27063.63636,9400,2,32.09090909,27009.09091,12963.63636,2,38.09090909
664,0,34160,18990,10840,44400,16900,17215,16640,2.77,36,24185,13150,5805,48900,20800,11815,11535,2.6,36,10780,6620,1885,57200,24300,6550,5010,3,43,49.274829,-122.800597,Coquitlam Central,Existing,"Millennium Line, West Coast Express","Subway, Commuter",59,8/31/2002,Vancouver,2002,24645485,12889080,4871145,14269780,11650620,53293005,27326950,10852350,31141655,25549530,3376205,1260920,1434465,1154355,1763835,2477405,758500,903615,826725,1347995,54172.72727,23854.54545,2,45.72727273,54281.81818,24263.63636,2,44.27272727,27063.63636,9400,2,32.09090909,27009.09091,12963.63636,2,38.09090909
664,1,29680,14940,8660,42300,17700,13975,13895,2.29,38,37550,19565,10445,44000,18200,20170,18055,2.5,38,9820,6060,1910,55600,19900,5990,4840,3,44,49.274829,-122.800597,Coquitlam Central,Existing,"Millennium Line, West Coast Express","Subway, Commuter",59,8/31/2002,Vancouver,2002,24645485,12889080,4871145,14269780,11650620,53293005,27326950,10852350,31141655,25549530,3376205,1260920,1434465,1154355,1763835,2477405,758500,903615,826725,1347995,54172.72727,23854.54545,2,45.72727273,54281.81818,24263.63636,2,44.27272727,27063.63636,9400,2,32.09090909,27009.09091,12963.63636,2,38.09090909
668,0,23620,11360,7465,36600,16200,10040,11575,2.2,36,20720,9035,7045,32600,15500,8295,10235,2,36,11255,6515,2200,49700,19100,6715,5275,2.8,46,49.264956,-123.013507,Gilmore,Existing,Millennium Line,Subway,59,8/31/2002,Vancouver,2002,24645485,12889080,4871145,14269780,11650620,53293005,27326950,10852350,31141655,25549530,3376205,1260920,1434465,1154355,1763835,2477405,758500,903615,826725,1347995,54172.72727,23854.54545,2,45.72727273,54281.81818,24263.63636,2,44.27272727,27063.63636,9400,2,32.09090909,27009.09091,12963.63636,2,38.09090909
668,1,18395,8925,6160,36200,15500,7675,9225,2.25,36,20855,9485,6295,35100,17500,9400,10405,2,38,4670,2500,1220,39000,17400,2570,2325,2.4,47,49.264956,-123.013507,Gilmore,Existing,Millennium Line,Subway,59,8/31/2002,Vancouver,2002,24645485,12889080,4871145,14269780,11650620,53293005,27326950,10852350,31141655,25549530,3376205,1260920,1434465,1154355,1763835,2477405,758500,903615,826725,1347995,54172.72727,23854.54545,2,45.72727273,54281.81818,24263.63636,2,44.27272727,27063.63636,9400,2,32.09090909,27009.09091,12963.63636,2,38.09090909
673,0,12390,6395,3820,39700,16700,5575,6040,2.43,36,13735,6355,4075,37600,17800,5790,6585,2,36,8475,4995,1665,51600,20500,5200,4090,3,47,49.264729,-122.982137,Holdom,Existing,Millennium Line,Subway,59,8/31/2002,Vancouver,2002,24645485,12889080,4871145,14269780,11650620,53293005,27326950,10852350,31141655,25549530,3376205,1260920,1434465,1154355,1763835,2477405,758500,903615,826725,1347995,54172.72727,23854.54545,2,45.72727273,54281.81818,24263.63636,2,44.27272727,27063.63636,9400,2,32.09090909,27009.09091,12963.63636,2,38.09090909
673,1,13650,6910,5085,33400,14900,5555,6635,2.33,34,14555,6675,4790,32900,16300,6120,7120,2,35,9950,5775,2070,49700,18200,6125,4835,2.84,47,49.264729,-122.982137,Holdom,Existing,Millennium Line,Subway,59,8/31/2002,Vancouver,2002,24645485,12889080,4871145,14269780,11650620,53293005,27326950,10852350,31141655,25549530,3376205,1260920,1434465,1154355,1763835,2477405,758500,903615,826725,1347995,54172.72727,23854.54545,2,45.72727273,54281.81818,24263.63636,2,44.27272727,27063.63636,9400,2,32.09090909,27009.09091,12963.63636,2,38.09090909
674,0,28995,16125,8875,45800,17800,15495,14150,2.77,37,44775,23435,11240,47900,19600,24380,21220,2.5,39,11260,7010,2055,65100,24700,7490,5560,3,45,49.277299,-122.828179,Inlet Centre,Existing,Millennium Line,Subway,59,8/31/2002,Vancouver,2002,24645485,12889080,4871145,14269780,11650620,53293005,27326950,10852350,31141655,25549530,3376205,1260920,1434465,1154355,1763835,2477405,758500,903615,826725,1347995,54172.72727,23854.54545,2,45.72727273,54281.81818,24263.63636,2,44.27272727,27063.63636,9400,2,32.09090909,27009.09091,12963.63636,2,38.09090909
674,1,22885,12485,5370,53500,21400,10940,10915,2.6,37,12425,6705,3260,47000,19200,5960,6130,2.5,37,4015,2780,495,73000,28500,2725,1930,3,44,49.277299,-122.828179,Inlet Centre,Existing,Millennium Line,Subway,59,8/31/2002,Vancouver,2002,24645485,12889080,4871145,14269780,11650620,53293005,27326950,10852350,31141655,25549530,3376205,1260920,1434465,1154355,1763835,2477405,758500,903615,826725,1347995,54172.72727,23854.54545,2,45.72727273,54281.81818,24263.63636,2,44.27272727,27063.63636,9400,2,32.09090909,27009.09091,12963.63636,2,38.09090909
676,0,30390,15215,9805,45300,18300,13625,14340,2.4,37,32960,16505,11575,39000,18100,16020,15505,2.2,39,19855,10855,5040,52800,21200,10750,9520,2.6,44,49.248556,-123.115027,King Edward,Existing,Canada Line,Subway,59,8/17/2009,Vancouver,2009,22965580,11984495,4723925,12987615,10865665,28421610,14284845,5798950,15957890,13487000,2780210,1008930,1182280,883305,1444800,2020585,614605,741800,638290,1080465,66163.63636,28827.27273,2,47.27272727,67400,30481.81818,2,44.63636364,33936.36364,11581.81818,2,31.45454545,33836.36364,15990.90909,2,38.81818182
676,1,3320,1320,750,58700,21700,930,1550,2,29,2635,735,855,39500,23500,805,1195,2,32,3590,1705,540,73000,35600,1830,1655,2,44,49.248556,-123.115027,King Edward,Existing,Canada Line,Subway,59,8/17/2009,Vancouver,2009,22965580,11984495,4723925,12987615,10865665,28421610,14284845,5798950,15957890,13487000,2780210,1008930,1182280,883305,1444800,2020585,614605,741800,638290,1080465,66163.63636,28827.27273,2,47.27272727,67400,30481.81818,2,44.63636364,33936.36364,11581.81818,2,31.45454545,33836.36364,15990.90909,2,38.81818182
678,0,25605,14575,8830,43500,15800,13635,12505,2.89,37,14405,8620,3805,48600,17800,7280,7030,3,37,7410,5140,1070,65100,26900,5015,3625,3,42,49.285748,-122.791638,Lafarge Lake-Douglas,Existing,Millennium Line,Subway,59,8/31/2002,Vancouver,2002,24645485,12889080,4871145,14269780,11650620,53293005,27326950,10852350,31141655,25549530,3376205,1260920,1434465,1154355,1763835,2477405,758500,903615,826725,1347995,54172.72727,23854.54545,2,45.72727273,54281.81818,24263.63636,2,44.27272727,27063.63636,9400,2,32.09090909,27009.09091,12963.63636,2,38.09090909
678,1,12765,5875,3735,40600,17400,6055,5775,2,40,21455,10305,6340,41200,17600,12285,9960,2.3,39,2110,1145,585,40800,15300,1350,1010,2.85,46,49.285748,-122.791638,Lafarge Lake-Douglas,Existing,Millennium Line,Subway,59,8/31/2002,Vancouver,2002,24645485,12889080,4871145,14269780,11650620,53293005,27326950,10852350,31141655,25549530,3376205,1260920,1434465,1154355,1763835,2477405,758500,903615,826725,1347995,54172.72727,23854.54545,2,45.72727273,54281.81818,24263.63636,2,44.27272727,27063.63636,9400,2,32.09090909,27009.09091,12963.63636,2,38.09090909
679,0,11345,5455,4225,32400,13900,5200,5390,2.4,38,NA,NA,NA,NA,NA,NA,NA,NA,NA,NA,NA,NA,NA,NA,NA,NA,NA,NA,49.254618,-122.939039,Lake City Way,Existing,Millennium Line,Subway,59,8/31/2002,Vancouver,2002,24645485,12889080,4871145,14269780,11650620,53293005,27326950,10852350,31141655,25549530,3376205,1260920,1434465,1154355,1763835,2477405,758500,903615,826725,1347995,54172.72727,23854.54545,2,45.72727273,54281.81818,24263.63636,2,44.27272727,27063.63636,9400,2,32.09090909,27009.09091,12963.63636,2,38.09090909
680,0,26505,13015,9535,40600,17500,11930,12470,2.33,37,31890,15990,12060,36300,17400,15590,15085,2.25,38,34515,19995,9625,51200,19400,19715,16475,3,44,49.225737,-123.116569,Langara-49th Avenue,Existing,Canada Line,Subway,59,8/17/2009,Vancouver,2009,22965580,11984495,4723925,12987615,10865665,28421610,14284845,5798950,15957890,13487000,2780210,1008930,1182280,883305,1444800,2020585,614605,741800,638290,1080465,66163.63636,28827.27273,2,47.27272727,67400,30481.81818,2,44.63636364,33936.36364,11581.81818,2,31.45454545,33836.36364,15990.90909,2,38.81818182
680,1,9395,4655,3395,42200,16700,4365,4400,2.4,36,10530,5180,4225,34400,15900,5085,4760,2,38,17125,9820,5245,50800,19100,9790,8125,3,46,49.225737,-123.116569,Langara-49th Avenue,Existing,Canada Line,Subway,59,8/17/2009,Vancouver,2009,22965580,11984495,4723925,12987615,10865665,28421610,14284845,5798950,15957890,13487000,2780210,1008930,1182280,883305,1444800,2020585,614605,741800,638290,1080465,66163.63636,28827.27273,2,47.27272727,67400,30481.81818,2,44.63636364,33936.36364,11581.81818,2,31.45454545,33836.36364,15990.90909,2,38.81818182
682,0,31105,16880,12740,36100,14300,15960,14850,2.6,38,33625,19000,12395,41600,16500,18180,15460,2.67,39,49475,29915,15135,50000,18100,29135,23305,3,45,49.173716,-123.136355,Lansdowne,Existing,Canada Line,Subway,59,8/17/2009,Vancouver,2009,22965580,11984495,4723925,12987615,10865665,28421610,14284845,5798950,15957890,13487000,2780210,1008930,1182280,883305,1444800,2020585,614605,741800,638290,1080465,66163.63636,28827.27273,2,47.27272727,67400,30481.81818,2,44.63636364,33936.36364,11581.81818,2,31.45454545,33836.36364,15990.90909,2,38.81818182
682,1,17220,8665,8305,30300,12500,8335,8470,2.5,37,13010,6190,5915,30700,14200,6580,6190,2,38,20960,11115,8315,36200,14400,11755,9545,2.56,45,49.173716,-123.136355,Lansdowne,Existing,Canada Line,Subway,59,8/17/2009,Vancouver,2009,22965580,11984495,4723925,12987615,10865665,28421610,14284845,5798950,15957890,13487000,2780210,1008930,1182280,883305,1444800,2020585,614605,741800,638290,1080465,66163.63636,28827.27273,2,47.27272727,67400,30481.81818,2,44.63636364,33936.36364,11581.81818,2,31.45454545,33836.36364,15990.90909,2,38.81818182
683,0,32470,18230,10615,44200,16800,17100,15815,2.8,36,22925,13595,5710,49300,18700,11555,11095,3,36,12675,8695,1895,64200,25100,8620,6150,3,43,49.280416,-122.79382,Lincoln,Existing,Millennium Line,Subway,59,8/31/2002,Vancouver,2002,24645485,12889080,4871145,14269780,11650620,53293005,27326950,10852350,31141655,25549530,3376205,1260920,1434465,1154355,1763835,2477405,758500,903615,826725,1347995,54172.72727,23854.54545,2,45.72727273,54281.81818,24263.63636,2,44.27272727,27063.63636,9400,2,32.09090909,27009.09091,12963.63636,2,38.09090909
683,1,17305,8230,5215,39700,17400,7810,7970,2,39,25150,12110,7475,40800,17800,13680,11930,2.23,38,4530,2445,1130,41600,17500,2685,2225,2.6,45,49.280416,-122.79382,Lincoln,Existing,Millennium Line,Subway,59,8/31/2002,Vancouver,2002,24645485,12889080,4871145,14269780,11650620,53293005,27326950,10852350,31141655,25549530,3376205,1260920,1434465,1154355,1763835,2477405,758500,903615,826725,1347995,54172.72727,23854.54545,2,45.72727273,54281.81818,24263.63636,2,44.27272727,27063.63636,9400,2,32.09090909,27009.09091,12963.63636,2,38.09090909
686,0,16250,8045,2895,45700,20400,6990,7825,2.33,33,11040,6040,1640,45800,20500,5625,5235,2.67,34,NA,NA,NA,NA,NA,NA,NA,NA,NA,49.21650196,-122.6662188,Maple Meadows,Existing,West Coast Express,Commuter,59,11/1/1995,Vancouver,1995,23665720,11971300,3939335,13910130,11257045,68233030,34339405,12194630,40572000,33033990,4035980,1532935,1666070,1457580,2111565,2631125,840125,868055,915975,1452910,46445.45455,21281.81818,2,44,45718.18182,21090.90909,2,42.54545455,22200,8990.909091,2,32.09090909,24454.54545,12318.18182,2,36
686,1,4715,2490,960,42400,17600,1825,2165,2.41,30,5885,3520,705,53500,21900,3300,2885,3,37,NA,NA,NA,NA,NA,NA,NA,NA,NA,49.21650196,-122.6662188,Maple Meadows,Existing,West Coast Express,Commuter,59,11/1/1995,Vancouver,1995,23665720,11971300,3939335,13910130,11257045,68233030,34339405,12194630,40572000,33033990,4035980,1532935,1666070,1457580,2111565,2631125,840125,868055,915975,1452910,46445.45455,21281.81818,2,44,45718.18182,21090.90909,2,42.54545455,22200,8990.909091,2,32.09090909,24454.54545,12318.18182,2,36
687,0,38075,20200,14530,38500,15300,18575,18470,2.6,39,44210,23390,16570,37900,16300,22905,21385,2.5,39,29205,17350,8640,50300,18700,17030,13885,3,44,49.209785,-123.117073,Marine Drive,Existing,Canada Line,Subway,59,8/17/2009,Vancouver,2009,22965580,11984495,4723925,12987615,10865665,28421610,14284845,5798950,15957890,13487000,2780210,1008930,1182280,883305,1444800,2020585,614605,741800,638290,1080465,66163.63636,28827.27273,2,47.27272727,67400,30481.81818,2,44.63636364,33936.36364,11581.81818,2,31.45454545,33836.36364,15990.90909,2,38.81818182
687,1,3695,1850,1415,37100,16600,1680,1675,2.33,36,3970,2080,1720,34200,15300,1810,1795,2.33,37,6920,4135,2270,48800,16900,3860,3330,3,45,49.209785,-123.117073,Marine Drive,Existing,Canada Line,Subway,59,8/17/2009,Vancouver,2009,22965580,11984495,4723925,12987615,10865665,28421610,14284845,5798950,15957890,13487000,2780210,1008930,1182280,883305,1444800,2020585,614605,741800,638290,1080465,66163.63636,28827.27273,2,47.27272727,67400,30481.81818,2,44.63636364,33936.36364,11581.81818,2,31.45454545,33836.36364,15990.90909,2,38.81818182
689,1,2905,1410,815,32500,13800,1055,1255,2.4,30,NA,NA,NA,NA,NA,NA,NA,NA,NA,NA,NA,NA,NA,NA,NA,NA,NA,NA,49.133695,-122.303974,Mission City,Existing,West Coast Express,Commuter,59,11/1/1995,Vancouver,1995,23665720,11971300,3939335,13910130,11257045,68233030,34339405,12194630,40572000,33033990,4035980,1532935,1666070,1457580,2111565,2631125,840125,868055,915975,1452910,46445.45455,21281.81818,2,44,45718.18182,21090.90909,2,42.54545455,22200,8990.909091,2,32.09090909,24454.54545,12318.18182,2,36
690,0,29675,15260,7230,49600,21000,13340,14595,2.37,37,32605,16925,7255,52100,22100,16385,16000,2.4,38,NA,NA,NA,NA,NA,NA,NA,NA,NA,49.27796,-122.845608,Moody Centre,Existing,"Millennium Line, West Coast Express","Subway, Commuter",59,8/31/2002,Vancouver,2002,24645485,12889080,4871145,14269780,11650620,53293005,27326950,10852350,31141655,25549530,3376205,1260920,1434465,1154355,1763835,2477405,758500,903615,826725,1347995,54172.72727,23854.54545,2,45.72727273,54281.81818,24263.63636,2,44.27272727,27063.63636,9400,2,32.09090909,27009.09091,12963.63636,2,38.09090909
690,1,8950,4915,1725,58300,24200,4295,4240,2.56,39,6430,3150,1430,48700,22200,2695,3235,2,37,NA,NA,NA,NA,NA,NA,NA,NA,NA,49.27796,-122.845608,Moody Centre,Existing,"Millennium Line, West Coast Express","Subway, Commuter",59,8/31/2002,Vancouver,2002,24645485,12889080,4871145,14269780,11650620,53293005,27326950,10852350,31141655,25549530,3376205,1260920,1434465,1154355,1763835,2477405,758500,903615,826725,1347995,54172.72727,23854.54545,2,45.72727273,54281.81818,24263.63636,2,44.27272727,27063.63636,9400,2,32.09090909,27009.09091,12963.63636,2,38.09090909
694,0,31565,14980,11180,41700,17600,13355,14935,2.25,36,35690,17435,13520,36000,17400,16990,16910,2,38,39630,22715,10805,51400,19900,22210,18880,2.8,44,49.232943,-123.116271,Oakridge-41st Avenue,Existing,Canada Line,Subway,59,8/17/2009,Vancouver,2009,22965580,11984495,4723925,12987615,10865665,28421610,14284845,5798950,15957890,13487000,2780210,1008930,1182280,883305,1444800,2020585,614605,741800,638290,1080465,66163.63636,28827.27273,2,47.27272727,67400,30481.81818,2,44.63636364,33936.36364,11581.81818,2,31.45454545,33836.36364,15990.90909,2,38.81818182
694,1,7630,3745,2740,42600,16800,3525,3580,2.39,36,8420,4080,3350,34800,16200,4210,3795,2,39,13280,7510,3895,52000,20200,7665,6195,2.8,46,49.232943,-123.116271,Oakridge-41st Avenue,Existing,Canada Line,Subway,59,8/17/2009,Vancouver,2009,22965580,11984495,4723925,12987615,10865665,28421610,14284845,5798950,15957890,13487000,2780210,1008930,1182280,883305,1444800,2020585,614605,741800,638290,1080465,66163.63636,28827.27273,2,47.27272727,67400,30481.81818,2,44.63636364,33936.36364,11581.81818,2,31.45454545,33836.36364,15990.90909,2,38.81818182
695,0,30795,12945,9455,40100,16700,9985,14505,2,33,36535,10120,10350,34400,20600,12160,17830,2,35,9780,3345,2415,39800,21200,3930,4635,2,46,49.26338535,-123.1250223,Oak-VGH,Construction,Millenium Line Extension (Broadway),Subway,59,8/31/2002,Vancouver,2002,24645485,12889080,4871145,14269780,11650620,53293005,27326950,10852350,31141655,25549530,3376205,1260920,1434465,1154355,1763835,2477405,758500,903615,826725,1347995,54172.72727,23854.54545,2,45.72727273,54281.81818,24263.63636,2,44.27272727,27063.63636,9400,2,32.09090909,27009.09091,12963.63636,2,38.09090909
695,1,42475,17465,10430,47100,20400,11825,19975,2,32,53415,12200,13195,38600,24500,17335,25775,1.75,34,12920,3235,2810,45200,27400,5255,5875,2,46,49.26338535,-123.1250223,Oak-VGH,Construction,Millenium Line Extension (Broadway),Subway,59,8/31/2002,Vancouver,2002,24645485,12889080,4871145,14269780,11650620,53293005,27326950,10852350,31141655,25549530,3376205,1260920,1434465,1154355,1763835,2477405,758500,903615,826725,1347995,54172.72727,23854.54545,2,45.72727273,54281.81818,24263.63636,2,44.27272727,27063.63636,9400,2,32.09090909,27009.09091,12963.63636,2,38.09090909
696,0,12310,4550,3950,44000,18400,3185,6010,2,31,14155,4315,5050,34000,20000,4905,6920,2,34,16470,6495,4355,48000,23400,7430,7970,2,45,49.26660971,-123.1154277,Olympic Village,Existing,Canada Line,Subway,59,8/17/2009,Vancouver,2009,22965580,11984495,4723925,12987615,10865665,28421610,14284845,5798950,15957890,13487000,2780210,1008930,1182280,883305,1444800,2020585,614605,741800,638290,1080465,66163.63636,28827.27273,2,47.27272727,67400,30481.81818,2,44.63636364,33936.36364,11581.81818,2,31.45454545,33836.36364,15990.90909,2,38.81818182
696,1,65600,22845,17045,58600,24500,19310,32535,2,35,55705,12985,15420,49700,29800,19005,28055,2,38,21070,5700,4640,56800,34000,7960,10030,2,44,49.26660971,-123.1154277,Olympic Village,Existing,Canada Line,Subway,59,8/17/2009,Vancouver,2009,22965580,11984495,4723925,12987615,10865665,28421610,14284845,5798950,15957890,13487000,2780210,1008930,1182280,883305,1444800,2020585,614605,741800,638290,1080465,66163.63636,28827.27273,2,47.27272727,67400,30481.81818,2,44.63636364,33936.36364,11581.81818,2,31.45454545,33836.36364,15990.90909,2,38.81818182
698,0,7500,3755,1535,42000,19000,2880,3590,2.33,32,8905,5065,1200,47200,21300,4675,4220,3,35,NA,NA,NA,NA,NA,NA,NA,NA,NA,49.225662,-122.687865,Pitt Meadows,Existing,West Coast Express,Commuter,59,11/1/1995,Vancouver,1995,23665720,11971300,3939335,13910130,11257045,68233030,34339405,12194630,40572000,33033990,4035980,1532935,1666070,1457580,2111565,2631125,840125,868055,915975,1452910,46445.45455,21281.81818,2,44,45718.18182,21090.90909,2,42.54545455,22200,8990.909091,2,32.09090909,24454.54545,12318.18182,2,36
698,1,4780,2515,985,42500,17400,1845,2200,2.4,30,5935,3560,720,52900,21800,3330,2910,3,36,NA,NA,NA,NA,NA,NA,NA,NA,NA,49.225662,-122.687865,Pitt Meadows,Existing,West Coast Express,Commuter,59,11/1/1995,Vancouver,1995,23665720,11971300,3939335,13910130,11257045,68233030,34339405,12194630,40572000,33033990,4035980,1532935,1666070,1457580,2111565,2631125,840125,868055,915975,1452910,46445.45455,21281.81818,2,44,45718.18182,21090.90909,2,42.54545455,22200,8990.909091,2,32.09090909,24454.54545,12318.18182,2,36
699,0,27315,14170,5535,46400,19500,11980,13300,2.45,33,20515,10895,4165,45500,19900,10080,10415,2.5,34,16125,9595,2045,55900,23800,9900,7715,3,39,49.261497,-122.773982,Port Coquitlam,Existing,West Coast Express,Commuter,59,11/1/1995,Vancouver,1995,23665720,11971300,3939335,13910130,11257045,68233030,34339405,12194630,40572000,33033990,4035980,1532935,1666070,1457580,2111565,2631125,840125,868055,915975,1452910,46445.45455,21281.81818,2,44,45718.18182,21090.90909,2,42.54545455,22200,8990.909091,2,32.09090909,24454.54545,12318.18182,2,36
699,1,9430,5040,2175,37700,17400,3760,4710,2.43,33,7215,3485,1700,35800,17900,2815,3695,2,32,6015,3465,860,48500,20100,3370,2970,3,39,49.261497,-122.773982,Port Coquitlam,Existing,West Coast Express,Commuter,59,11/1/1995,Vancouver,1995,23665720,11971300,3939335,13910130,11257045,68233030,34339405,12194630,40572000,33033990,4035980,1532935,1666070,1457580,2111565,2631125,840125,868055,915975,1452910,46445.45455,21281.81818,2,44,45718.18182,21090.90909,2,42.54545455,22200,8990.909091,2,32.09090909,24454.54545,12318.18182,2,36
700,0,22865,11445,4635,42000,18500,9745,11010,2.33,34,17965,9585,3005,44200,19500,9075,8625,2.5,36,12530,7580,1240,53100,21700,7675,5925,3,40,49.212335,-122.606021,Port Haney,Existing,West Coast Express,Commuter,59,11/1/1995,Vancouver,1995,23665720,11971300,3939335,13910130,11257045,68233030,34339405,12194630,40572000,33033990,4035980,1532935,1666070,1457580,2111565,2631125,840125,868055,915975,1452910,46445.45455,21281.81818,2,44,45718.18182,21090.90909,2,42.54545455,22200,8990.909091,2,32.09090909,24454.54545,12318.18182,2,36
700,1,6500,2890,1355,37000,17900,2450,3180,2,35,7350,3230,1675,35600,16900,3085,3720,2,35,5550,2325,945,42400,18900,2645,2510,2,43,49.212335,-122.606021,Port Haney,Existing,West Coast Express,Commuter,59,11/1/1995,Vancouver,1995,23665720,11971300,3939335,13910130,11257045,68233030,34339405,12194630,40572000,33033990,4035980,1532935,1666070,1457580,2111565,2631125,840125,868055,915975,1452910,46445.45455,21281.81818,2,44,45718.18182,21090.90909,2,42.54545455,22200,8990.909091,2,32.09090909,24454.54545,12318.18182,2,36
702,0,56025,25585,20975,31100,14200,20465,27525,2,34,66205,28080,24895,28300,14800,25990,32335,2,36,26710,14030,6605,40600,16800,13950,13150,2.4,45,49.25893,-123.045286,Renfrew,Existing,Millennium Line,Subway,59,8/31/2002,Vancouver,2002,24645485,12889080,4871145,14269780,11650620,53293005,27326950,10852350,31141655,25549530,3376205,1260920,1434465,1154355,1763835,2477405,758500,903615,826725,1347995,54172.72727,23854.54545,2,45.72727273,54281.81818,24263.63636,2,44.27272727,27063.63636,9400,2,32.09090909,27009.09091,12963.63636,2,38.09090909
702,1,17880,8240,6835,30500,13700,7180,8730,2.2,36,19005,8370,7130,28900,15000,8185,9300,2,36,8470,4810,2160,39000,15900,4910,4135,2.6,46,49.25893,-123.045286,Renfrew,Existing,Millennium Line,Subway,59,8/31/2002,Vancouver,2002,24645485,12889080,4871145,14269780,11650620,53293005,27326950,10852350,31141655,25549530,3376205,1260920,1434465,1154355,1763835,2477405,758500,903615,826725,1347995,54172.72727,23854.54545,2,45.72727273,54281.81818,24263.63636,2,44.27272727,27063.63636,9400,2,32.09090909,27009.09091,12963.63636,2,38.09090909
703,0,31845,17190,12915,36700,14500,16380,15130,2.6,38,34530,19410,12475,42000,16800,18460,15840,2.67,39,53600,32335,15935,51400,18400,31680,25285,3,45,49.168295,-123.136345,Richmond-Brighouse,Existing,Canada Line,Subway,59,8/17/2009,Vancouver,2009,22965580,11984495,4723925,12987615,10865665,28421610,14284845,5798950,15957890,13487000,2780210,1008930,1182280,883305,1444800,2020585,614605,741800,638290,1080465,66163.63636,28827.27273,2,47.27272727,67400,30481.81818,2,44.63636364,33936.36364,11581.81818,2,31.45454545,33836.36364,15990.90909,2,38.81818182
703,1,25190,12475,11730,31100,12800,12455,12090,2.43,39,21270,10115,9340,31900,14500,10895,10015,2,39,22420,12120,8555,37200,14700,12725,10215,2.6,45,49.168295,-123.136345,Richmond-Brighouse,Existing,Canada Line,Subway,59,8/17/2009,Vancouver,2009,22965580,11984495,4723925,12987615,10865665,28421610,14284845,5798950,15957890,13487000,2780210,1008930,1182280,883305,1444800,2020585,614605,741800,638290,1080465,66163.63636,28827.27273,2,47.27272727,67400,30481.81818,2,44.63636364,33936.36364,11581.81818,2,31.45454545,33836.36364,15990.90909,2,38.81818182
705,0,32555,14590,11190,33700,14900,11720,16055,2,35,32825,12675,12295,28500,14800,11535,16110,2,36,14315,7470,3410,42500,17300,7445,6850,2.33,46,49.26076,-123.032865,Rupert,Existing,Millennium Line,Subway,59,8/31/2002,Vancouver,2002,24645485,12889080,4871145,14269780,11650620,53293005,27326950,10852350,31141655,25549530,3376205,1260920,1434465,1154355,1763835,2477405,758500,903615,826725,1347995,54172.72727,23854.54545,2,45.72727273,54281.81818,24263.63636,2,44.27272727,27063.63636,9400,2,32.09090909,27009.09091,12963.63636,2,38.09090909
705,1,15925,7540,6260,31200,14100,6205,7810,2.2,34,18795,8405,6650,31500,15500,8105,9210,2,36,10500,6025,2530,41300,16900,6185,5015,2.6,46,49.26076,-123.032865,Rupert,Existing,Millennium Line,Subway,59,8/31/2002,Vancouver,2002,24645485,12889080,4871145,14269780,11650620,53293005,27326950,10852350,31141655,25549530,3376205,1260920,1434465,1154355,1763835,2477405,758500,903615,826725,1347995,54172.72727,23854.54545,2,45.72727273,54281.81818,24263.63636,2,44.27272727,27063.63636,9400,2,32.09090909,27009.09091,12963.63636,2,38.09090909
708,0,9290,4745,3600,39300,16600,4745,4480,2.5,38,NA,NA,NA,NA,NA,NA,NA,NA,NA,NA,NA,NA,NA,NA,NA,NA,NA,NA,49.192682,-123.159011,Sea Island Centre,Existing,Canada Line,Subway,59,8/17/2009,Vancouver,2009,22965580,11984495,4723925,12987615,10865665,28421610,14284845,5798950,15957890,13487000,2780210,1008930,1182280,883305,1444800,2020585,614605,741800,638290,1080465,66163.63636,28827.27273,2,47.27272727,67400,30481.81818,2,44.63636364,33936.36364,11581.81818,2,31.45454545,33836.36364,15990.90909,2,38.81818182
710,0,7020,3645,2335,40300,16500,3220,3400,2.6,35,6845,3335,2145,37900,15800,2960,3215,2,35,5975,3610,1160,55800,21800,3805,2840,3,47,49.259163,-122.963858,Sperling-Burnaby Lake,Existing,Millennium Line,Subway,59,8/31/2002,Vancouver,2002,24645485,12889080,4871145,14269780,11650620,53293005,27326950,10852350,31141655,25549530,3376205,1260920,1434465,1154355,1763835,2477405,758500,903615,826725,1347995,54172.72727,23854.54545,2,45.72727273,54281.81818,24263.63636,2,44.27272727,27063.63636,9400,2,32.09090909,27009.09091,12963.63636,2,38.09090909
710,1,5160,2640,2020,31100,14100,2175,2325,2.4,36,5310,2495,1675,31900,15600,2200,2645,2,36,3000,1685,645,50100,17400,1820,1445,2.8,48,49.259163,-122.963858,Sperling-Burnaby Lake,Existing,Millennium Line,Subway,59,8/31/2002,Vancouver,2002,24645485,12889080,4871145,14269780,11650620,53293005,27326950,10852350,31141655,25549530,3376205,1260920,1434465,1154355,1763835,2477405,758500,903615,826725,1347995,54172.72727,23854.54545,2,45.72727273,54281.81818,24263.63636,2,44.27272727,27063.63636,9400,2,32.09090909,27009.09091,12963.63636,2,38.09090909
713,0,21495,11840,8550,38600,14500,11195,10415,2.71,40,NA,NA,NA,NA,NA,NA,NA,NA,NA,NA,NA,NA,NA,NA,NA,NA,NA,NA,49.19667,-123.14657,Templeton,Existing,Canada Line,Subway,59,8/17/2009,Vancouver,2009,22965580,11984495,4723925,12987615,10865665,28421610,14284845,5798950,15957890,13487000,2780210,1008930,1182280,883305,1444800,2020585,614605,741800,638290,1080465,66163.63636,28827.27273,2,47.27272727,67400,30481.81818,2,44.63636364,33936.36364,11581.81818,2,31.45454545,33836.36364,15990.90909,2,38.81818182
714,0,7830,2765,2615,42600,17600,1460,3775,2,29,8630,1585,3075,33800,21700,2120,4465,1.5,33,8510,1690,2660,38600,24200,2530,4290,1.6,46,49.282419,-123.118192,Vancouver City Centre,Existing,Canada Line,Subway,59,8/17/2009,Vancouver,2009,22965580,11984495,4723925,12987615,10865665,28421610,14284845,5798950,15957890,13487000,2780210,1008930,1182280,883305,1444800,2020585,614605,741800,638290,1080465,66163.63636,28827.27273,2,47.27272727,67400,30481.81818,2,44.63636364,33936.36364,11581.81818,2,31.45454545,33836.36364,15990.90909,2,38.81818182
714,1,47905,17200,14155,52900,21700,14055,24970,2,34,31905,7630,9955,48000,28200,11285,17105,2,36,25180,5240,8910,41500,23600,8110,13405,1.5,47,49.282419,-123.118192,Vancouver City Centre,Existing,Canada Line,Subway,59,8/17/2009,Vancouver,2009,22965580,11984495,4723925,12987615,10865665,28421610,14284845,5798950,15957890,13487000,2780210,1008930,1182280,883305,1444800,2020585,614605,741800,638290,1080465,66163.63636,28827.27273,2,47.27272727,67400,30481.81818,2,44.63636364,33936.36364,11581.81818,2,31.45454545,33836.36364,15990.90909,2,38.81818182
715,0,40035,17260,15815,29400,13900,13220,19780,2,34,51435,20940,20175,26700,14600,19335,25110,2,35,23955,12565,5995,40300,16800,12480,11700,2.4,45,49.265767,-123.078798,VCC-Clark,Existing,Millennium Line,Subway,59,8/31/2002,Vancouver,2002,24645485,12889080,4871145,14269780,11650620,53293005,27326950,10852350,31141655,25549530,3376205,1260920,1434465,1154355,1763835,2477405,758500,903615,826725,1347995,54172.72727,23854.54545,2,45.72727273,54281.81818,24263.63636,2,44.27272727,27063.63636,9400,2,32.09090909,27009.09091,12963.63636,2,38.09090909
715,1,29160,10345,11830,26800,13400,6990,14650,2,34,33550,10395,14590,22500,13800,10890,17195,2,37,6175,2220,2395,25700,13800,2210,3075,2,45,49.265767,-123.078798,VCC-Clark,Existing,Millennium Line,Subway,59,8/31/2002,Vancouver,2002,24645485,12889080,4871145,14269780,11650620,53293005,27326950,10852350,31141655,25549530,3376205,1260920,1434465,1154355,1763835,2477405,758500,903615,826725,1347995,54172.72727,23854.54545,2,45.72727273,54281.81818,24263.63636,2,44.27272727,27063.63636,9400,2,32.09090909,27009.09091,12963.63636,2,38.09090909
716,0,7890,2785,2635,42600,17600,1475,3800,2,29,8770,1625,3110,33900,21800,2170,4535,1.5,34,8515,1690,2660,38700,24300,2530,4295,1.6,46,49.28615001,-123.1123,Waterfront,Existing,"Canada Line, Expo Line, West Coast Express","Subway, Commuter",59,8/17/2009,Vancouver,2009,22965580,11984495,4723925,12987615,10865665,28421610,14284845,5798950,15957890,13487000,2780210,1008930,1182280,883305,1444800,2020585,614605,741800,638290,1080465,66163.63636,28827.27273,2,47.27272727,67400,30481.81818,2,44.63636364,33936.36364,11581.81818,2,31.45454545,33836.36364,15990.90909,2,38.81818182
716,1,37260,13375,11595,48800,19900,9530,19550,2,32,20970,4375,7500,40000,24100,6315,11415,1.5,35,25280,5270,8935,41700,23800,8180,13495,1.5,47,49.28615001,-123.1123,Waterfront,Existing,"Canada Line, Expo Line, West Coast Express","Subway, Commuter",59,8/17/2009,Vancouver,2009,22965580,11984495,4723925,12987615,10865665,28421610,14284845,5798950,15957890,13487000,2780210,1008930,1182280,883305,1444800,2020585,614605,741800,638290,1080465,66163.63636,28827.27273,2,47.27272727,67400,30481.81818,2,44.63636364,33936.36364,11581.81818,2,31.45454545,33836.36364,15990.90909,2,38.81818182
718,0,5085,1720,1595,44200,18300,1165,2505,2,30,6060,970,1865,38000,25200,1700,3130,1.5,33,6315,1045,1815,42000,27000,2060,3195,1.6,47,49.274577,-123.122014,Yaletown-Roundhouse,Existing,Canada Line,Subway,59,8/17/2009,Vancouver,2009,22965580,11984495,4723925,12987615,10865665,28421610,14284845,5798950,15957890,13487000,2780210,1008930,1182280,883305,1444800,2020585,614605,741800,638290,1080465,66163.63636,28827.27273,2,47.27272727,67400,30481.81818,2,44.63636364,33936.36364,11581.81818,2,31.45454545,33836.36364,15990.90909,2,38.81818182
718,1,59880,22400,15250,60300,23600,16970,30355,2,33,42315,9355,11430,50900,30400,14340,21935,2,35,38295,8410,10585,49200,30400,12355,19695,1.71,45,49.274577,-123.122014,Yaletown-Roundhouse,Existing,Canada Line,Subway,59,8/17/2009,Vancouver,2009,22965580,11984495,4723925,12987615,10865665,28421610,14284845,5798950,15957890,13487000,2780210,1008930,1182280,883305,1444800,2020585,614605,741800,638290,1080465,66163.63636,28827.27273,2,47.27272727,67400,30481.81818,2,44.63636364,33936.36364,11581.81818,2,31.45454545,33836.36364,15990.90909,2,38.81818182
719,0,7025,3565,2665,40000,17100,3795,3425,2.5,38,NA,NA,NA,NA,NA,NA,NA,NA,NA,NA,NA,NA,NA,NA,NA,NA,NA,NA,49.194308,-123.178474,YVR-Airport,Existing,Canada Line,Subway,59,8/17/2009,Vancouver,2009,22965580,11984495,4723925,12987615,10865665,28421610,14284845,5798950,15957890,13487000,2780210,1008930,1182280,883305,1444800,2020585,614605,741800,638290,1080465,66163.63636,28827.27273,2,47.27272727,67400,30481.81818,2,44.63636364,33936.36364,11581.81818,2,31.45454545,33836.36364,15990.90909,2,38.81818182
125,NA,NA,NA,NA,NA,NA,NA,NA,NA,NA,NA,NA,NA,NA,NA,NA,NA,NA,NA,NA,NA,NA,NA,NA,NA,NA,NA,NA,43.63390427,-80.03418769,Acton,Existing,Kitchener,Commuter,35,1/7/2013,Toronto,2013,55101700,32996685,11274515,32324320,26042330,94748070,62881500,19573855,63483930,45547025,5665535,2294740,2485080,1862835,2965420,4117805,1507945,1448590,1451795,2213350,77090.90909,31845.45455,3,45.90909091,80409.09091,33572.72727,3,40.45454545,38772.72727,10472.72727,2,30.27272727,42581.81818,18118.18182,2,38.72727273
390,NA,NA,NA,NA,NA,NA,NA,NA,NA,NA,NA,NA,NA,NA,NA,NA,NA,NA,NA,NA,NA,NA,NA,NA,NA,NA,NA,NA,43.26645518,-79.86480119,West Harbour,Existing,Lakeshore West,Commuter,35,7/9/2015,Toronto,2015,54203300,31855360,10905830,31231415,25633675,75083075,49108695,15243105,49832775,36150095,5573115,2173725,2444395,1786815,2940675,4200305,1522745,1465110,1471495,2254125,80972.72727,33500,3,46.36363636,85000,35472.72727,3,40.63636364,40545.45455,11636.36364,2,30.09090909,44900,19381.81818,2,38.63636364
